time,month,hours_after_sunset,bat_landing_number,food_availability,rat_minutes,rat_arrival_number
2017-12-26 16:13:00,0,-0.5,20,4.0,0.0,0
2017-12-26 16:43:00,0,0.0,28,4.0,0.0,0
2017-12-26 17:13:00,0,0.5,25,4.0,0.0,0
2017-12-26 17:43:00,0,1.0,71,4.0,0.0,0
2017-12-26 18:13:00,0,1.5,44,3.753856942,0.0,0
2017-12-26 18:43:00,0,2.0,44,3.147265077,0.0,0
2017-12-26 19:13:00,0,2.5,41,3.0,0.0,0
2017-12-26 19:43:00,0,3.0,54,3.0,0.0,0
2017-12-26 20:13:00,0,3.5,32,3.0,0.0,0
2017-12-26 20:43:00,0,4.0,51,2.968873797,1.283333333,2
2017-12-26 21:13:00,0,4.5,53,2.561403509,4.866666667,1
2017-12-26 21:43:00,0,5.0,47,2.086587436,7.9,1
2017-12-26 22:13:00,0,5.5,75,2.0,0.133333333,1
2017-12-26 22:43:00,0,6.0,45,1.958064516,0.0,0
2017-12-26 23:13:00,0,6.5,30,1.55,0.0,0
2017-12-26 23:43:00,0,7.0,44,1.049289229,0.0,0
2017-12-27 00:13:00,0,7.5,30,0.542372881,0.0,0
2017-12-27 00:43:00,0,8.0,26,0.144067797,0.0,0
2017-12-27 01:13:00,0,8.5,16,0.0,6.683333333,1
2017-12-27 01:43:00,0,9.0,13,0.0,0.016666667,1
2017-12-27 02:13:00,0,9.5,17,0.0,0.0,0
2017-12-27 02:43:00,0,10.0,15,0.0,0.0,0
2017-12-27 03:13:00,0,10.5,14,0.0,0.0,0
2017-12-27 03:43:00,0,11.0,13,0.0,0.0,0
2017-12-27 16:13:00,0,-0.5,13,4.0,0.0,0
2017-12-27 16:43:00,0,0.0,18,4.0,0.0,0
2017-12-27 17:13:00,0,0.5,31,4.0,0.0,0
2017-12-27 17:43:00,0,1.0,35,4.0,0.0,0
2017-12-27 18:13:00,0,1.5,22,4.0,0.0,0
2017-12-27 18:43:00,0,2.0,24,3.964516129,0.0,0
2017-12-27 19:13:00,0,2.5,30,3.566666667,0.0,0
2017-12-27 19:43:00,0,3.0,73,3.102150538,0.0,0
2017-12-27 20:13:00,0,3.5,67,3.0,0.0,0
2017-12-27 20:43:00,0,4.0,2,3.0,0.0,0
2017-12-27 21:13:00,0,4.5,25,3.0,0.0,0
2017-12-27 21:43:00,0,5.0,48,2.970430108,0.0,0
2017-12-27 22:13:00,0,5.5,52,2.583333333,0.0,0
2017-12-27 22:43:00,0,6.0,61,2.112903226,0.0,0
2017-12-27 23:13:00,0,6.5,17,2.0,0.0,0
2017-12-27 23:43:00,0,7.0,12,2.0,0.0,0
2017-12-28 00:13:00,0,7.5,11,2.0,0.0,0
2017-12-28 00:43:00,0,8.0,34,1.953405018,4.166666667,1
2017-12-28 01:13:00,0,8.5,40,1.555555556,0.0,0
2017-12-28 01:43:00,0,9.0,37,1.107526882,0.0,0
2017-12-28 02:13:00,0,9.5,34,1.0,0.0,0
2017-12-28 02:43:00,0,10.0,23,1.0,0.0,0
2017-12-28 03:13:00,0,10.5,21,1.0,0.0,0
2017-12-28 03:43:00,0,11.0,5,0.971774194,16.01666667,1
2017-12-28 04:13:00,0,11.5,11,0.730769231,0.883333333,1
2017-12-28 04:43:00,0,12.0,3,0.442307692,0.0,0
2017-12-28 16:14:00,0,-0.5,8,4.0,0.0,0
2017-12-28 16:44:00,0,0.0,3,4.0,0.0,0
2017-12-28 17:14:00,0,0.5,24,4.0,0.0,0
2017-12-28 17:44:00,0,1.0,23,4.0,0.0,0
2017-12-28 18:14:00,0,1.5,48,4.0,0.0,0
2017-12-28 18:44:00,0,2.0,55,3.962648557,0.0,0
2017-12-28 19:14:00,0,2.5,23,3.543859649,8.1,1
2017-12-28 19:44:00,0,3.0,23,3.07696661,2.5,1
2017-12-28 20:14:00,0,3.5,32,3.0,0.0,0
2017-12-28 20:44:00,0,4.0,29,3.0,0.0,0
2017-12-28 21:14:00,0,4.5,50,3.0,0.0,0
2017-12-28 21:44:00,0,5.0,49,2.951877314,0.0,0
2017-12-28 22:14:00,0,5.5,57,2.540983607,0.0,0
2017-12-28 22:44:00,0,6.0,66,2.090428345,0.0,0
2017-12-28 23:14:00,0,6.5,52,2.0,0.0,0
2017-12-28 23:44:00,0,7.0,42,2.0,0.0,0
2017-12-29 00:14:00,0,7.5,29,2.0,0.0,0
2017-12-29 00:44:00,0,8.0,38,1.951075269,0.0,0
2017-12-29 01:14:00,0,8.5,44,1.533333333,0.0,0
2017-12-29 01:44:00,0,9.0,23,1.082258065,0.0,0
2017-12-29 02:14:00,0,9.5,25,1.0,0.0,0
2017-12-29 02:44:00,0,10.0,31,0.947076613,0.0,0
2017-12-29 03:14:00,0,10.5,24,0.546875,0.0,0
2017-12-29 03:44:00,0,11.0,18,0.15625,0.9,1
2017-12-29 04:14:00,0,11.5,3,0.0,0.0,0
2017-12-29 04:44:00,0,12.0,6,0.0,0.0,0
2017-12-29 14:45:00,0,-2.0,7,4.0,0.0,0
2017-12-29 15:15:00,0,-1.5,1,4.0,0.0,0
2017-12-29 15:45:00,0,-1.0,1,4.0,0.0,0
2017-12-29 16:15:00,0,-0.5,6,4.0,0.0,0
2017-12-29 16:45:00,0,0.0,7,4.0,0.0,0
2017-12-29 17:15:00,0,0.5,14,4.0,0.0,0
2017-12-29 17:45:00,0,1.0,14,4.0,0.0,0
2017-12-29 18:15:00,0,1.5,9,4.0,6.783333333,1
2017-12-29 18:45:00,0,2.0,19,3.949388209,0.0,0
2017-12-29 19:15:00,0,2.5,26,3.517241379,0.0,0
2017-12-29 19:45:00,0,3.0,29,3.066740823,0.0,0
2017-12-29 20:15:00,0,3.5,15,3.0,0.0,0
2017-12-29 20:45:00,0,4.0,67,3.0,0.0,0
2017-12-29 21:15:00,0,4.5,56,3.0,0.0,0
2017-12-29 21:45:00,0,5.0,45,3.0,0.0,0
2017-12-29 22:15:00,0,5.5,60,3.0,0.0,0
2017-12-29 22:45:00,0,6.0,59,3.0,0.0,0
2017-12-29 23:15:00,0,6.5,40,3.0,8.883333333,1
2017-12-29 23:45:00,0,7.0,49,2.939516129,0.0,0
2017-12-30 00:15:00,0,7.5,42,2.53125,0.0,0
2017-12-30 00:45:00,0,8.0,39,2.057747696,0.0,0
2017-12-30 01:15:00,0,8.5,47,1.535714286,0.0,0
2017-12-30 01:45:00,0,9.0,30,1.069124424,0.0,0
2017-12-30 02:15:00,0,9.5,41,1.0,0.0,0
2017-12-30 02:45:00,0,10.0,34,1.0,0.0,0
2017-12-30 03:15:00,0,10.5,23,1.0,0.0,0
2017-12-30 03:45:00,0,11.0,13,0.943074004,0.0,0
2017-12-30 04:15:00,0,11.5,16,0.558823529,0.0,0
2017-12-30 04:45:00,0,12.0,7,0.169117647,0.0,0
2017-12-30 05:15:00,0,12.5,7,0.0,0.0,0
2017-12-30 05:45:00,0,13.0,5,0.0,0.0,0
2017-12-30 06:15:00,0,13.5,1,0.0,0.0,0
2017-12-30 14:45:00,0,-2.0,10,0.0,0.0,0
2017-12-30 15:15:00,0,-1.5,14,0.0,0.0,0
2017-12-30 15:45:00,0,-1.0,3,0.0,0.0,0
2017-12-30 16:15:00,0,-0.5,3,0.0,0.0,0
2017-12-30 16:45:00,0,0.0,21,4.0,0.0,0
2017-12-30 17:15:00,0,0.5,32,4.0,0.0,0
2017-12-30 17:45:00,0,1.0,13,4.0,0.0,0
2017-12-30 18:15:00,0,1.5,36,4.0,3.283333333,1
2017-12-30 18:45:00,0,2.0,20,3.955857385,0.0,0
2017-12-30 19:15:00,0,2.5,35,3.526315789,0.0,0
2017-12-30 19:45:00,0,3.0,37,3.067911715,5.0,1
2017-12-30 20:15:00,0,3.5,33,3.0,0.0,0
2017-12-30 20:45:00,0,4.0,39,3.0,0.0,0
2017-12-30 21:15:00,0,4.5,25,3.0,0.0,0
2017-12-30 21:45:00,0,5.0,10,3.0,0.0,0
2017-12-30 22:15:00,0,5.5,64,3.0,0.0,0
2017-12-30 22:45:00,0,6.0,41,3.0,0.0,0
2017-12-30 23:15:00,0,6.5,5,3.0,0.0,0
2017-12-30 23:45:00,0,7.0,31,2.943548387,0.0,0
2017-12-31 00:15:00,0,7.5,45,2.516666667,0.0,0
2017-12-31 00:45:00,0,8.0,42,2.07311828,0.0,0
2017-12-31 01:15:00,0,8.5,53,2.0,0.0,0
2017-12-31 01:45:00,0,9.0,45,2.0,0.0,0
2017-12-31 02:15:00,0,9.5,27,2.0,0.0,0
2017-12-31 02:45:00,0,10.0,24,1.957353745,0.0,0
2017-12-31 03:15:00,0,10.5,26,1.542372881,0.0,0
2017-12-31 03:45:00,0,11.0,17,1.083652269,0.0,0
2017-12-31 04:15:00,0,11.5,8,1.0,0.0,0
2017-12-31 04:45:00,0,12.0,12,1.0,0.0,0
2017-12-31 05:15:00,0,12.5,6,1.0,0.0,0
2017-12-31 06:15:00,0,13.5,5,1.0,0.0,0
2017-12-31 15:46:00,0,-1.0,1,4.0,0.0,0
2017-12-31 16:16:00,0,-0.5,15,4.0,0.0,0
2017-12-31 16:46:00,0,0.0,4,4.0,0.0,0
2017-12-31 17:16:00,0,0.5,3,4.0,0.0,0
2017-12-31 17:46:00,0,1.0,14,4.0,0.0,0
2017-12-31 18:16:00,0,1.5,14,3.723839496,0.0,0
2017-12-31 18:46:00,0,2.0,31,3.094413847,0.0,0
2017-12-31 19:16:00,0,2.5,22,3.0,0.0,0
2017-12-31 19:46:00,0,3.0,19,3.0,0.0,0
2017-12-31 20:16:00,0,3.5,29,3.0,0.0,0
2017-12-31 20:46:00,0,4.0,24,3.0,0.0,0
2017-12-31 21:16:00,0,4.5,38,3.0,0.0,0
2017-12-31 21:46:00,0,5.0,20,3.0,0.0,0
2017-12-31 22:16:00,0,5.5,17,3.0,0.0,0
2017-12-31 22:46:00,0,6.0,18,2.92688172,0.0,0
2017-12-31 23:16:00,0,6.5,28,2.483333333,0.0,0
2017-12-31 23:46:00,0,7.0,45,2.056451613,0.0,0
2018-01-01 00:16:00,1,7.5,34,2.0,0.0,0
2018-01-01 00:46:00,1,8.0,35,2.0,0.0,0
2018-01-01 01:16:00,1,8.5,31,2.0,0.0,0
2018-01-01 01:46:00,1,9.0,18,1.92688172,4.933333333,1
2018-01-01 02:16:00,1,9.5,27,1.483333333,0.0,0
2018-01-01 02:46:00,1,10.0,38,1.056451613,0.0,0
2018-01-01 03:16:00,1,10.5,54,1.0,0.0,0
2018-01-01 03:46:00,1,11.0,13,1.0,0.0,0
2018-01-01 04:16:00,1,11.5,8,1.0,0.0,0
2018-01-01 04:46:00,1,12.0,27,1.0,0.0,0
2018-01-01 05:16:00,1,12.5,22,1.0,0.0,0
2018-01-01 05:46:00,1,13.0,4,1.0,0.083333333,1
2018-01-01 06:16:00,1,13.5,2,0.0,0.0,0
2018-01-01 16:17:00,1,-0.5,9,4.0,0.0,0
2018-01-01 16:47:00,1,0.0,18,4.0,0.0,0
2018-01-01 17:17:00,1,0.5,12,4.0,0.0,0
2018-01-01 17:47:00,1,1.0,17,4.0,0.0,0
2018-01-01 18:17:00,1,1.5,29,4.0,0.0,0
2018-01-01 18:47:00,1,2.0,37,3.94160178,0.0,0
2018-01-01 19:17:00,1,2.5,32,3.5,0.0,0
2018-01-01 19:47:00,1,3.0,25,3.05839822,0.0,0
2018-01-01 20:17:00,1,3.5,16,3.0,0.0,0
2018-01-01 20:47:00,1,4.0,62,3.0,0.0,0
2018-01-01 21:17:00,1,4.5,42,3.0,0.0,0
2018-01-01 21:47:00,1,5.0,49,3.0,0.0,0
2018-01-01 22:17:00,1,5.5,50,3.0,0.0,0
2018-01-01 22:47:00,1,6.0,66,2.920395421,0.0,0
2018-01-01 23:17:00,1,6.5,39,2.483870968,0.0,0
2018-01-01 23:47:00,1,7.0,52,2.062434964,0.0,0
2018-02-01 00:17:00,1,7.5,39,2.0,0.0,0
2018-02-01 00:47:00,1,8.0,23,2.0,0.0,0
2018-02-01 01:17:00,1,8.5,40,2.0,0.0,0
2018-02-01 01:47:00,1,9.0,34,1.837760911,0.0,0
2018-02-01 02:17:00,1,9.5,28,1.235294118,0.0,0
2018-02-01 02:47:00,1,10.0,32,0.0,0.0,0
2018-02-01 03:17:00,1,10.5,28,0.0,0.0,0
2018-02-01 03:47:00,1,11.0,7,0.0,2.316666667,1
2018-02-01 04:17:00,1,11.5,5,0.0,0.0,0
2018-02-01 04:47:00,1,12.0,1,0.0,0.0,0
2018-02-01 05:47:00,1,13.0,5,0.0,0.0,0
2018-02-01 06:17:00,1,13.5,4,0.0,0.0,0
2018-03-01 16:18:00,1,-0.5,20,4.0,0.0,0
2018-03-01 16:48:00,1,0.0,10,4.0,0.0,0
2018-03-01 17:18:00,1,0.5,10,4.0,0.0,0
2018-03-01 17:48:00,1,1.0,5,4.0,0.0,0
2018-03-01 18:18:00,1,1.5,24,4.0,0.0,0
2018-03-01 18:48:00,1,2.0,16,3.938021022,0.0,0
2018-03-01 19:18:00,1,2.5,11,3.629213483,0.0,0
2018-03-01 19:48:00,1,3.0,12,3.292134831,0.0,0
2018-03-01 20:18:00,1,3.5,10,3.023921711,0.0,0
2018-03-01 20:48:00,1,4.0,16,3.0,0.0,0
2018-03-01 21:18:00,1,4.5,30,3.0,0.0,0
2018-03-01 21:48:00,1,5.0,21,3.0,0.0,0
2018-03-01 22:18:00,1,5.5,32,3.0,0.0,0
2018-03-01 22:48:00,1,6.0,40,2.9243604,0.0,0
2018-03-01 23:18:00,1,6.5,32,2.465517241,0.0,0
2018-03-01 23:48:00,1,7.0,32,2.043381535,0.0,0
2018-04-01 00:18:00,1,7.5,23,2.0,0.0,0
2018-04-01 00:48:00,1,8.0,29,2.0,0.0,0
2018-04-01 01:18:00,1,8.5,14,2.0,0.0,0
2018-04-01 01:48:00,1,9.0,20,1.929240375,0.0,0
2018-04-01 02:18:00,1,9.5,17,1.5,0.0,0
2018-04-01 02:48:00,1,10.0,16,1.070759625,0.0,0
2018-04-01 03:18:00,1,10.5,16,1.0,0.0,0
2018-04-01 03:48:00,1,11.0,15,1.0,0.0,0
2018-04-01 04:18:00,1,11.5,16,0.0,0.0,0
2018-04-01 04:48:00,1,12.0,16,0.0,0.0,0
2018-04-01 05:18:00,1,12.5,5,0.0,2.383333333,1
2018-04-01 05:48:00,1,13.0,2,0.0,0.0,0
2018-04-01 06:18:00,1,13.5,6,0.0,0.0,0
2018-04-01 15:49:00,1,-1.0,1,4.0,0.0,0
2018-04-01 16:19:00,1,-0.5,13,4.0,0.0,0
2018-04-01 16:49:00,1,0.0,23,4.0,0.0,0
2018-04-01 17:19:00,1,0.5,33,4.0,0.0,0
2018-04-01 17:49:00,1,1.0,26,3.914905451,0.0,0
2018-04-01 18:19:00,1,1.5,56,3.448275862,0.0,0
2018-04-01 18:49:00,1,2.0,32,3.036707453,0.0,0
2018-04-01 19:19:00,1,2.5,40,3.0,0.0,0
2018-04-01 19:49:00,1,3.0,41,3.0,0.0,0
2018-04-01 20:19:00,1,3.5,30,3.0,0.0,0
2018-04-01 20:49:00,1,4.0,21,2.897849462,0.0,0
2018-04-01 21:19:00,1,4.5,60,2.433333333,0.0,0
2018-04-01 21:49:00,1,5.0,62,2.035483871,0.0,0
2018-04-01 22:19:00,1,5.5,53,2.0,0.0,0
2018-04-01 22:49:00,1,6.0,49,2.0,0.0,0
2018-04-01 23:19:00,1,6.5,45,2.0,0.0,0
2018-04-01 23:49:00,1,7.0,47,2.0,0.0,0
2018-05-01 00:19:00,1,7.5,36,2.0,0.0,0
2018-05-01 00:49:00,1,8.0,31,1.906506288,0.0,0
2018-05-01 01:19:00,1,8.5,17,1.440677966,3.266666667,1
2018-05-01 01:49:00,1,9.0,25,1.036085293,0.0,0
2018-05-01 02:19:00,1,9.5,13,1.0,0.0,0
2018-05-01 02:49:00,1,10.0,26,1.0,0.316666667,1
2018-05-01 03:19:00,1,10.5,21,1.0,1.45,1
2018-05-01 03:49:00,1,11.0,18,1.0,4.616666667,1
2018-05-01 04:19:00,1,11.5,14,1.0,0.0,0
2018-05-01 04:49:00,1,12.0,10,1.0,0.216666667,1
2018-05-01 05:19:00,1,12.5,14,1.0,0.0,0
2018-05-01 05:49:00,1,13.0,10,1.0,0.0,0
2018-05-01 06:19:00,1,13.5,4,0.0,0.0,0
2018-05-01 15:20:00,1,-1.5,2,4.0,0.0,0
2018-05-01 15:50:00,1,-1.0,8,4.0,0.0,0
2018-05-01 21:50:00,1,5.0,3,3.998511166,0.0,0
2018-05-01 22:20:00,1,5.5,49,3.738461538,0.0,0
2018-05-01 22:50:00,1,6.0,57,3.276923077,0.0,0
2018-05-01 23:20:00,1,6.5,54,3.002977667,0.0,0
2018-05-01 23:50:00,1,7.0,47,2.909571655,0.0,0
2018-06-01 00:20:00,1,7.5,43,2.459016393,0.0,0
2018-06-01 00:50:00,1,8.0,40,2.048122686,0.0,0
2018-06-01 01:20:00,1,8.5,40,2.0,0.0,0
2018-06-01 01:50:00,1,9.0,37,2.0,0.0,0
2018-06-01 02:20:00,1,9.5,31,2.0,0.0,0
2018-06-01 02:50:00,1,10.0,20,1.913412564,0.0,0
2018-06-01 03:20:00,1,10.5,9,1.438596491,0.0,0
2018-06-01 03:50:00,1,11.0,8,1.031126203,0.0,0
2018-06-01 04:20:00,1,11.5,12,1.0,0.0,0
2018-06-01 04:50:00,1,12.0,7,1.0,5.616666667,1
2018-06-01 05:20:00,1,12.5,5,1.0,0.0,0
2018-06-01 06:20:00,1,13.5,1,1.0,0.0,0
2018-08-01 16:22:00,1,-0.5,5,4.0,0.0,0
2018-08-01 16:52:00,1,0.0,12,4.0,0.0,0
2018-08-01 17:22:00,1,0.5,9,4.0,0.0,0
2018-08-01 17:52:00,1,1.0,8,4.0,0.0,0
2018-08-01 18:22:00,1,1.5,12,4.0,0.0,0
2018-08-01 18:52:00,1,2.0,24,4.0,0.0,0
2018-08-01 19:22:00,1,2.5,34,4.0,0.0,0
2018-08-01 19:52:00,1,3.0,29,3.866208355,0.0,0
2018-08-01 20:22:00,1,3.5,30,3.393442623,0.0,0
2018-08-01 20:52:00,1,4.0,21,3.023796933,0.0,0
2018-08-01 21:22:00,1,4.5,23,3.0,0.0,0
2018-08-01 21:52:00,1,5.0,35,3.0,0.0,0
2018-08-01 22:22:00,1,5.5,14,3.0,0.0,0
2018-08-01 22:52:00,1,6.0,35,2.890738814,0.0,0
2018-08-01 23:22:00,1,6.5,54,2.435483871,0.0,0
2018-08-01 23:52:00,1,7.0,51,2.040582726,0.0,0
2018-09-01 00:22:00,1,7.5,26,2.0,1.216666667,1
2018-09-01 00:52:00,1,8.0,26,2.0,7.95,1
2018-09-01 01:22:00,1,8.5,58,2.0,0.0,0
2018-09-01 01:52:00,1,9.0,30,1.863978495,0.0,0
2018-09-01 02:22:00,1,9.5,27,1.383333333,0.0,0
2018-09-01 02:52:00,1,10.0,44,1.019354839,0.0,0
2018-09-01 03:22:00,1,10.5,25,1.0,0.0,0
2018-09-01 03:52:00,1,11.0,16,1.0,0.0,0
2018-09-01 04:22:00,1,11.5,14,1.0,0.0,0
2018-09-01 04:52:00,1,12.0,5,1.0,0.0,0
2018-09-01 05:22:00,1,12.5,4,1.0,0.0,0
2018-09-01 05:52:00,1,13.0,2,1.0,0.0,0
2018-09-01 18:23:00,1,1.5,17,4.0,0.0,0
2018-09-01 18:53:00,1,2.0,26,4.0,0.0,0
2018-09-01 19:23:00,1,2.5,12,4.0,0.0,0
2018-09-01 19:53:00,1,3.0,42,4.0,0.0,0
2018-09-01 20:23:00,1,3.5,14,4.0,0.0,0
2018-09-01 20:53:00,1,4.0,16,4.0,0.0,0
2018-09-01 21:23:00,1,4.5,36,4.0,0.0,0
2018-09-01 21:53:00,1,5.0,34,4.0,0.0,0
2018-09-01 22:23:00,1,5.5,30,4.0,0.0,0
2018-09-01 22:53:00,1,6.0,16,4.0,0.0,0
2018-09-01 23:23:00,1,6.5,50,4.0,0.0,0
2018-09-01 23:53:00,1,7.0,35,4.0,0.0,0
2018-10-01 00:23:00,1,7.5,29,4.0,0.0,0
2018-10-01 00:53:00,1,8.0,40,3.877842411,0.0,0
2018-10-01 01:23:00,1,8.5,48,3.409836066,0.0,0
2018-10-01 01:53:00,1,9.0,67,3.02908514,1.783333333,1
2018-10-01 02:23:00,1,9.5,39,3.0,0.0,0
2018-10-01 02:53:00,1,10.0,38,3.0,0.0,0
2018-10-01 03:23:00,1,10.5,38,3.0,0.0,0
2018-10-01 03:53:00,1,11.0,18,2.851612903,8.566666667,1
2018-10-01 04:23:00,1,11.5,23,2.366666667,0.0,0
2018-10-01 04:53:00,1,12.0,11,2.015053763,0.0,0
2018-10-01 05:23:00,1,12.5,8,2.0,0.0,0
2018-10-01 05:53:00,1,13.0,4,1.851612903,0.0,0
2018-10-01 06:23:00,1,13.5,2,1.366666667,0.0,0
2018-10-01 15:54:00,1,-1.0,3,4.0,0.0,0
2018-10-01 16:24:00,1,-0.5,7,4.0,0.0,0
2018-10-01 16:54:00,1,0.0,4,4.0,0.0,0
2018-10-01 17:24:00,1,0.5,7,4.0,0.0,0
2018-10-01 17:54:00,1,1.0,8,4.0,0.0,0
2018-10-01 18:24:00,1,1.5,27,4.0,0.0,0
2018-10-01 18:54:00,1,2.0,32,3.846390169,0.0,0
2018-10-01 19:24:00,1,2.5,50,3.380952381,0.0,0
2018-10-01 19:54:00,1,3.0,37,3.023041475,0.0,0
2018-10-01 20:24:00,1,3.5,35,3.0,0.0,0
2018-10-01 20:54:00,1,4.0,40,2.841353781,0.0,0
2018-10-01 21:24:00,1,4.5,23,2.360655738,0.0,0
2018-10-01 21:54:00,1,5.0,12,2.01480698,0.0,0
2018-10-01 22:24:00,1,5.5,40,2.0,0.0,0
2018-10-01 22:54:00,1,6.0,47,2.0,0.0,0
2018-10-01 23:24:00,1,6.5,38,2.0,2.05,2
2018-10-01 23:54:00,1,7.0,66,1.863978495,1.083333333,1
2018-11-01 00:24:00,1,7.5,24,1.383333333,0.0,0
2018-11-01 00:54:00,1,8.0,26,1.019354839,0.0,0
2018-11-01 01:24:00,1,8.5,34,1.0,0.0,0
2018-11-01 01:54:00,1,9.0,34,1.0,1.15,1
2018-11-01 02:24:00,1,9.5,54,0.0,0.0,0
2018-01-27 19:09:00,1,2.0,18,0.0,0.0,0
2018-01-27 19:39:00,1,2.5,68,4.0,0.0,0
2018-01-27 20:09:00,1,3.0,61,4.0,0.0,0
2018-01-27 20:39:00,1,3.5,62,4.0,0.166666667,1
2018-01-27 21:09:00,1,4.0,72,4.0,0.0,0
2018-01-27 21:39:00,1,4.5,75,3.991359447,0.0,0
2018-01-27 22:09:00,1,5.0,69,3.642857143,0.0,0
2018-01-27 22:39:00,1,5.5,44,3.120967742,0.0,0
2018-01-27 23:09:00,1,6.0,60,2.8,0.0,0
2018-01-27 23:39:00,1,6.5,64,2.55,6.083333333,1
2018-01-28 00:09:00,1,7.0,62,2.3,0.0,0
2018-01-28 00:39:00,1,7.5,48,2.062096774,0.0,0
2018-01-28 01:09:00,1,8.0,49,2.0,0.0,0
2018-01-28 01:39:00,1,8.5,44,1.991359447,0.0,0
2018-01-28 02:09:00,1,9.0,49,1.642857143,0.0,0
2018-01-28 02:39:00,1,9.5,33,1.133064516,0.0,0
2018-01-28 03:09:00,1,10.0,35,1.0,0.0,0
2018-01-28 03:39:00,1,10.5,23,1.0,0.516666667,1
2018-01-28 04:09:00,1,11.0,3,1.0,11.98333333,1
2018-01-28 04:39:00,1,11.5,9,1.0,0.0,0
2018-01-28 05:09:00,1,12.0,8,0.0,0.0,0
2018-01-28 05:39:00,1,12.5,1,0.0,9.466666667,1
2018-01-28 16:40:00,1,-0.5,2,4.0,0.0,0
2018-01-28 17:10:00,1,0.0,7,4.0,0.0,0
2018-01-28 17:40:00,1,0.5,15,4.0,0.0,0
2018-01-28 18:10:00,1,1.0,18,4.0,0.0,0
2018-01-28 18:40:00,1,1.5,20,4.0,0.0,0
2018-01-28 19:10:00,1,2.0,53,4.0,0.0,0
2018-01-28 19:40:00,1,2.5,40,3.970430108,13.9,1
2018-01-28 20:10:00,1,3.0,68,3.583333333,0.533333333,1
2018-01-28 20:40:00,1,3.5,44,3.112903226,0.0,0
2018-01-28 21:10:00,1,4.0,77,3.0,0.0,0
2018-01-28 21:40:00,1,4.5,61,3.0,2.566666667,1
2018-01-28 22:10:00,1,5.0,78,3.0,0.483333333,1
2018-01-28 22:40:00,1,5.5,79,2.98811545,0.0,0
2018-01-28 23:10:00,1,6.0,64,2.631578947,0.0,0
2018-01-28 23:40:00,1,6.5,80,2.130730051,0.0,0
2018-01-29 00:10:00,1,7.0,64,2.0,0.0,0
2018-01-29 00:40:00,1,7.5,66,1.972278226,0.0,0
2018-01-29 01:10:00,1,8.0,51,1.609375,4.45,1
2018-01-29 01:40:00,1,8.5,55,1.151209677,0.0,0
2018-01-29 02:10:00,1,9.0,56,1.0,0.0,0
2018-01-29 02:40:00,1,9.5,50,0.971383975,0.0,0
2018-01-29 03:10:00,1,10.0,40,0.596774194,0.0,0
2018-01-29 03:40:00,1,10.5,33,0.177419355,0.0,0
2018-01-30 15:12:00,1,-2.0,4,4.0,0.0,0
2018-01-30 15:42:00,1,-1.5,7,4.0,0.0,0
2018-01-30 16:12:00,1,-1.0,3,4.0,0.0,0
2018-01-30 16:42:00,1,-0.5,3,4.0,0.0,0
2018-01-30 17:12:00,1,0.0,1,4.0,0.0,0
2018-01-30 17:42:00,1,0.5,12,4.0,0.0,0
2018-01-30 18:12:00,1,1.0,26,4.0,0.0,0
2018-01-30 18:42:00,1,1.5,38,3.958751983,0.0,0
2018-01-30 19:12:00,1,2.0,52,3.557377049,0.0,0
2018-01-30 19:42:00,1,2.5,71,3.100475939,0.0,0
2018-01-30 20:12:00,1,3.0,59,3.0,0.0,0
2018-01-30 20:42:00,1,3.5,66,3.0,0.0,0
2018-01-30 21:12:00,1,4.0,92,3.0,0.0,0
2018-01-30 21:42:00,1,4.5,72,2.975396391,0.0,0
2018-01-30 22:12:00,1,5.0,130,2.593220339,0.0,0
2018-01-30 22:42:00,1,5.5,90,2.11481684,0.0,0
2018-01-30 23:12:00,1,6.0,84,2.0,0.0,0
2018-01-30 23:42:00,1,6.5,77,2.0,0.0,0
2018-01-31 00:12:00,1,7.0,69,2.0,0.0,0
2018-01-31 00:42:00,1,7.5,44,1.958064516,0.0,0
2018-01-31 01:12:00,1,8.0,55,1.55,0.0,0
2018-01-31 01:42:00,1,8.5,46,1.05,0.0,0
2018-01-31 02:12:00,1,9.0,40,0.55,0.0,0
2018-01-31 02:42:00,1,9.5,32,0.15,0.0,0
2018-01-31 03:12:00,1,10.0,18,0.0,0.0,0
2018-01-31 03:42:00,1,10.5,9,0.0,0.0,0
2018-01-31 04:12:00,1,11.0,15,0.0,0.0,0
2018-01-31 04:42:00,1,11.5,6,0.0,0.0,0
2018-01-31 05:12:00,1,12.0,1,0.0,0.0,0
2018-01-31 06:12:00,1,13.0,1,0.0,0.0,0
2018-01-31 06:42:00,1,13.5,3,0.0,2.666666667,1
2018-01-31 17:43:00,1,0.5,2,4.0,0.0,0
2018-01-31 18:13:00,1,1.0,52,4.0,0.0,0
2018-01-31 18:43:00,1,1.5,63,3.974654378,0.0,0
2018-01-31 19:13:00,1,2.0,61,3.642857143,1.883333333,1
2018-01-31 19:43:00,1,2.5,80,3.214285714,2.25,1
2018-01-31 20:13:00,1,3.0,84,3.0,0.0,0
2018-01-31 20:43:00,1,3.5,113,3.0,0.0,0
2018-01-31 21:13:00,1,4.0,79,2.797653959,0.0,0
2018-01-31 21:43:00,1,4.5,78,2.169354839,0.0,0
2018-01-31 22:13:00,1,5.0,80,2.0,4.466666667,1
2018-01-31 22:43:00,1,5.5,78,1.958751983,0.0,0
2018-01-31 23:13:00,1,6.0,102,1.557377049,0.0,0
2018-01-31 23:43:00,1,6.5,100,1.06557377,0.0,0
2018-01-02 00:13:00,2,7.0,88,0.573770492,0.0,0
2018-01-02 00:43:00,2,7.5,70,0.163934426,0.0,0
2018-01-02 16:14:00,2,-1.0,17,4.0,0.0,0
2018-01-02 16:44:00,2,-0.5,58,4.0,0.0,0
2018-01-02 17:14:00,2,0.0,29,4.0,0.0,0
2018-01-02 17:44:00,2,0.5,25,4.0,0.0,0
2018-01-02 18:14:00,2,1.0,41,4.0,0.0,0
2018-01-02 18:44:00,2,1.5,48,3.951877314,0.0,0
2018-01-02 19:14:00,2,2.0,46,3.540983607,0.0,0
2018-01-02 19:44:00,2,2.5,43,3.090428345,0.0,0
2018-01-02 20:14:00,2,3.0,56,3.0,0.0,0
2018-01-02 20:44:00,2,3.5,54,3.0,0.0,0
2018-01-02 21:14:00,2,4.0,65,3.0,0.0,0
2018-01-02 21:44:00,2,4.5,57,2.944473823,0.0,0
2018-01-02 22:14:00,2,5.0,81,2.524590164,0.0,0
2018-01-02 22:44:00,2,5.5,72,2.080909572,0.0,0
2018-01-02 23:14:00,2,6.0,74,2.0,0.0,0
2018-01-02 23:44:00,2,6.5,68,1.944473823,0.0,0
2018-02-02 00:14:00,2,7.0,57,1.524590164,3.683333333,1
2018-02-02 00:44:00,2,7.5,60,1.03198484,0.466666667,1
2018-02-02 01:14:00,2,8.0,51,0.533333333,0.0,0
2018-02-02 01:44:00,2,8.5,33,0.141666667,0.0,0
2018-02-02 02:14:00,2,9.0,29,0.0,0.0,0
2018-02-02 02:44:00,2,9.5,5,0.0,0.0,0
2018-02-02 17:15:00,2,0.0,12,4.0,0.0,0
2018-02-02 17:45:00,2,0.5,39,4.0,0.45,2
2018-02-02 18:15:00,2,1.0,46,4.0,0.133333333,1
2018-02-02 18:45:00,2,1.5,45,4.0,0.0,0
2018-02-02 19:15:00,2,2.0,66,3.810569664,0.0,0
2018-02-02 19:45:00,2,2.5,56,3.193805765,0.0,0
2018-02-02 20:15:00,2,3.0,95,2.625,0.6,1
2018-02-02 20:45:00,2,3.5,74,2.089285714,0.0,0
2018-02-02 21:15:00,2,4.0,76,1.553571429,0.0,0
2018-02-02 21:45:00,2,4.5,76,1.031942428,0.0,0
2018-02-02 22:15:00,2,5.0,60,0.602739726,0.133333333,1
2018-02-02 22:45:00,2,5.5,23,0.198630137,5.816666667,1
2018-02-02 23:15:00,2,6.0,9,0.0,0.0,0
2018-02-02 23:45:00,2,6.5,8,0.0,0.0,0
2018-03-02 15:16:00,2,-2.0,1,4.0,0.0,0
2018-03-02 15:46:00,2,-1.5,11,4.0,0.0,0
2018-03-02 16:16:00,2,-1.0,14,4.0,0.0,0
2018-03-02 16:46:00,2,-0.5,48,4.0,0.0,0
2018-03-02 17:16:00,2,0.0,29,4.0,0.0,0
2018-03-02 17:46:00,2,0.5,34,3.949388209,0.666666667,1
2018-03-02 18:16:00,2,1.0,53,3.517241379,0.0,0
2018-03-02 18:46:00,2,1.5,67,3.066740823,0.0,0
2018-03-02 19:16:00,2,2.0,65,3.0,0.0,0
2018-03-02 19:46:00,2,2.5,87,2.94259158,0.0,0
2018-03-02 20:16:00,2,3.0,64,2.508474576,0.0,0
2018-03-02 20:46:00,2,3.5,83,2.001093494,0.0,0
2018-03-02 21:16:00,2,4.0,75,1.5,0.0,0
2018-03-02 21:46:00,2,4.5,92,1.064516129,0.0,0
2018-03-02 22:16:00,2,5.0,64,1.0,0.0,0
2018-03-02 22:46:00,2,5.5,43,1.0,0.0,0
2018-03-02 23:16:00,2,6.0,45,0.0,0.0,0
2018-03-02 23:46:00,2,6.5,19,0.0,0.0,0
2018-04-02 16:47:00,2,-0.5,41,4.0,0.0,0
2018-04-02 17:17:00,2,0.0,33,4.0,0.0,0
2018-04-02 17:47:00,2,0.5,54,4.0,0.0,0
2018-04-02 18:17:00,2,1.0,39,4.0,2.3,17
2018-04-02 18:47:00,2,1.5,83,3.933259177,0.733333333,3
2018-04-02 19:17:00,2,2.0,67,3.482758621,0.0,0
2018-04-02 19:47:00,2,2.5,59,3.050611791,0.0,0
2018-04-02 20:17:00,2,3.0,73,3.0,0.0,0
2018-04-02 20:47:00,2,3.5,62,3.0,0.0,0
2018-04-02 21:17:00,2,4.0,65,3.0,0.0,0
2018-04-02 21:47:00,2,4.5,87,2.948500283,0.0,0
2018-04-02 22:17:00,2,5.0,105,2.50877193,0.0,0
2018-04-02 22:47:00,2,5.5,104,1.985065178,0.0,0
2018-04-02 23:17:00,2,6.0,83,1.474576271,0.0,0
2018-04-02 23:47:00,2,6.5,94,0.967495899,0.0,0
2018-05-02 00:17:00,2,7.0,51,0.466666667,0.0,0
2018-05-02 00:47:00,2,7.5,26,0.108333333,0.0,0
2018-05-02 15:48:00,2,-1.5,2,4.0,0.0,0
2018-05-02 16:18:00,2,-1.0,31,4.0,0.0,0
2018-05-02 16:48:00,2,-0.5,53,4.0,0.0,0
2018-05-02 17:18:00,2,0.0,58,4.0,0.0,0
2018-05-02 17:48:00,2,0.5,40,4.0,0.0,0
2018-05-02 18:18:00,2,1.0,67,4.0,0.0,0
2018-05-02 18:48:00,2,1.5,45,3.911030177,0.0,0
2018-05-02 19:18:00,2,2.0,69,3.467741935,0.0,0
2018-05-02 19:48:00,2,2.5,86,3.054630593,0.0,0
2018-05-02 20:18:00,2,3.0,89,3.0,0.0,0
2018-05-02 20:48:00,2,3.5,73,2.909571655,0.0,0
2018-05-02 21:18:00,2,4.0,96,2.459016393,0.0,0
2018-05-02 21:48:00,2,4.5,98,2.048122686,0.0,0
2018-05-02 22:18:00,2,5.0,82,2.0,0.0,0
2018-05-02 22:48:00,2,5.5,67,1.917741935,1.966666667,2
2018-05-02 23:18:00,2,6.0,104,1.466666667,1.3,8
2018-05-02 23:48:00,2,6.5,62,1.048924731,0.0,0
2018-06-02 00:18:00,2,7.0,81,1.0,0.0,0
2018-06-02 00:48:00,2,7.5,62,0.926336062,0.0,0
2018-06-02 01:18:00,2,8.0,39,0.52238806,0.0,0
2018-06-02 01:48:00,2,8.5,14,0.149253731,0.0,0
2018-06-02 02:18:00,2,9.0,8,0.0,0.0,0
2018-06-02 02:48:00,2,9.5,3,0.0,0.0,0
2018-07-02 17:19:00,2,0.0,17,4.0,0.0,0
2018-07-02 17:49:00,2,0.5,53,4.0,0.25,1
2018-07-02 18:19:00,2,1.0,29,4.0,10.48333333,5
2018-07-02 18:49:00,2,1.5,46,4.0,0.633333333,1
2018-07-02 19:19:00,2,2.0,45,4.0,0.133333333,1
2018-07-02 19:49:00,2,2.5,42,3.901144641,0.0,0
2018-07-02 20:19:00,2,3.0,65,3.451612903,0.0,0
2018-07-02 20:49:00,2,3.5,64,3.047346514,0.0,0
2018-07-02 21:19:00,2,4.0,69,3.0,0.0,0
2018-07-02 21:49:00,2,4.5,60,2.933259177,0.65,1
2018-07-02 22:19:00,2,5.0,81,2.482758621,0.0,0
2018-07-02 22:49:00,2,5.5,65,2.050611791,2.433333333,2
2018-07-02 23:19:00,2,6.0,49,2.0,0.0,0
2018-07-02 23:49:00,2,6.5,58,2.0,0.0,0
2018-08-02 00:19:00,2,7.0,40,2.0,0.0,0
2018-08-02 00:49:00,2,7.5,45,1.92303339,0.0,0
2018-08-02 01:19:00,2,8.0,49,1.456140351,0.25,1
2018-08-02 01:49:00,2,8.5,53,1.037351443,4.166666667,2
2018-08-02 02:19:00,2,9.0,24,1.0,0.0,0
2018-08-02 02:49:00,2,9.5,27,1.0,0.0,0
2018-08-02 03:19:00,2,10.0,14,0.0,4.216666667,1
2018-08-02 03:49:00,2,10.5,19,0.0,0.0,0
2018-08-02 04:19:00,2,11.0,11,0.0,0.0,0
2018-08-02 04:49:00,2,11.5,5,0.0,0.0,0
2018-08-02 05:19:00,2,12.0,5,0.0,0.0,0
2018-08-02 05:49:00,2,12.5,1,0.0,0.0,0
2018-08-02 16:50:00,2,-0.5,2,4.0,0.0,0
2018-08-02 17:20:00,2,0.0,36,4.0,0.0,0
2018-08-02 17:50:00,2,0.5,9,4.0,0.0,0
2018-08-02 18:20:00,2,1.0,46,4.0,0.0,0
2018-08-02 18:50:00,2,1.5,45,4.0,0.0,0
2018-08-02 19:20:00,2,2.0,63,4.0,0.0,0
2018-08-02 19:50:00,2,2.5,50,3.913412564,0.0,0
2018-08-02 20:20:00,2,3.0,23,3.438596491,0.0,0
2018-08-02 20:50:00,2,3.5,32,3.031126203,0.0,0
2018-08-02 21:20:00,2,4.0,67,3.0,0.0,0
2018-08-02 21:50:00,2,4.5,70,3.0,0.0,0
2018-08-02 22:20:00,2,5.0,54,3.0,0.0,0
2018-08-02 22:50:00,2,5.5,60,2.887096774,0.0,0
2018-08-02 23:20:00,2,6.0,80,2.416666667,0.0,0
2018-08-02 23:50:00,2,6.5,38,2.029569892,1.0,4
2018-09-02 00:20:00,2,7.0,46,2.0,1.133333333,2
2018-09-02 00:50:00,2,7.5,41,2.0,0.55,1
2018-09-02 01:20:00,2,8.0,50,2.0,0.0,0
2018-09-02 01:50:00,2,8.5,27,1.888947647,0.766666667,2
2018-09-02 02:20:00,2,9.0,31,1.426229508,0.0,0
2018-09-02 02:50:00,2,9.5,31,1.034902168,0.0,0
2018-09-02 03:20:00,2,10.0,22,1.0,4.733333333,1
2018-09-02 03:50:00,2,10.5,17,1.0,1.066666667,2
2018-09-02 04:20:00,2,11.0,21,1.0,0.0,0
2018-09-02 04:50:00,2,11.5,3,1.0,0.0,0
2018-09-02 05:20:00,2,12.0,11,0.0,1.033333333,1
2018-09-02 05:50:00,2,12.5,2,0.0,0.45,1
2018-09-02 06:20:00,2,13.0,2,0.0,1.45,1
2018-09-02 16:51:00,2,-0.5,1,4.0,0.0,0
2018-09-02 17:21:00,2,0.0,8,4.0,0.0,0
2018-09-02 17:51:00,2,0.5,15,4.0,0.0,0
2018-09-02 18:21:00,2,1.0,21,4.0,0.0,0
2018-09-02 18:51:00,2,1.5,50,3.989704873,0.0,0
2018-09-02 19:21:00,2,2.0,80,3.574468085,0.0,0
2018-09-02 19:51:00,2,2.5,105,3.05353466,0.0,0
2018-09-02 20:21:00,2,3.0,64,3.0,0.0,0
2018-09-02 20:51:00,2,3.5,67,2.88518316,0.0,0
2018-09-02 21:21:00,2,4.0,79,2.406779661,0.0,0
2018-09-02 21:51:00,2,4.5,91,2.024603609,0.0,0
2018-09-02 22:21:00,2,5.0,90,2.0,0.0,0
2018-09-02 22:51:00,2,5.5,63,2.0,0.0,0
2018-09-02 23:21:00,2,6.0,73,2.0,0.0,0
2018-09-02 23:51:00,2,6.5,81,1.903225806,0.0,0
2018-10-02 00:21:00,2,7.0,83,1.421052632,4.1,3
2018-10-02 00:51:00,2,7.5,51,1.025466893,0.783333333,1
2018-10-02 01:21:00,2,8.0,53,1.0,0.0,0
2018-10-02 01:51:00,2,8.5,77,1.0,0.0,0
2018-10-02 02:21:00,2,9.0,43,1.0,0.0,0
2018-10-02 02:51:00,2,9.5,18,0.875806452,4.716666667,1
2018-10-02 03:21:00,2,10.0,41,0.4,0.0,0
2018-10-02 03:51:00,2,10.5,33,0.075,0.0,0
2018-10-02 04:21:00,2,11.0,34,0.0,0.0,0
2018-10-02 17:52:00,2,0.5,73,4.0,0.0,0
2018-10-02 18:22:00,2,1.0,49,4.0,0.0,0
2018-10-02 18:52:00,2,1.5,39,4.0,0.0,0
2018-10-02 19:22:00,2,2.0,47,4.0,0.25,1
2018-10-02 19:52:00,2,2.5,47,3.870455709,0.0,0
2018-10-02 20:22:00,2,3.0,75,3.412698413,0.0,0
2018-10-02 20:52:00,2,3.5,85,3.033794163,2.8,7
2018-10-02 21:22:00,2,4.0,92,3.0,3.633333333,8
2018-10-02 21:52:00,2,4.5,60,2.863978495,0.7,2
2018-10-02 22:22:00,2,5.0,75,2.383333333,0.0,0
2018-10-02 22:52:00,2,5.5,60,2.019354839,0.0,0
2018-10-02 23:22:00,2,6.0,45,2.0,0.0,0
2018-10-02 23:52:00,2,6.5,63,1.875806452,0.0,0
2018-11-02 00:22:00,2,7.0,70,1.4,1.566666667,1
2018-11-02 00:52:00,2,7.5,49,1.024193548,1.383333333,1
2018-11-02 01:22:00,2,8.0,56,1.0,0.0,0
2018-11-02 01:52:00,2,8.5,49,0.88320356,6.05,1
2018-11-02 02:22:00,2,9.0,51,0.396551724,0.0,0
2018-11-02 02:52:00,2,9.5,50,0.068965517,0.0,0
2018-11-02 03:22:00,2,10.0,36,0.0,0.0,0
2018-11-02 03:52:00,2,10.5,14,0.0,0.0,0
2018-11-02 04:22:00,2,11.0,6,0.0,0.0,0
2018-11-02 16:53:00,2,-0.5,6,4.0,0.0,0
2018-11-02 17:23:00,2,0.0,9,4.0,0.0,0
2018-11-02 17:53:00,2,0.5,13,4.0,0.0,0
2018-11-02 18:23:00,2,1.0,26,4.0,0.0,0
2018-11-02 18:53:00,2,1.5,56,3.920234604,0.0,0
2018-11-02 19:23:00,2,2.0,43,3.436363636,0.0,0
2018-11-02 19:53:00,2,2.5,56,3.026392962,0.0,0
2018-11-02 20:23:00,2,3.0,33,3.0,0.0,0
2018-11-02 20:53:00,2,3.5,52,3.0,0.0,0
2018-11-02 21:23:00,2,4.0,66,3.0,0.0,0
2018-11-02 21:53:00,2,4.5,46,2.860887097,0.0,0
2018-11-02 22:23:00,2,5.0,66,2.40625,0.0,0
2018-11-02 22:53:00,2,5.5,76,2.033266129,0.0,0
2018-11-02 23:23:00,2,6.0,66,2.0,0.0,0
2018-11-02 23:53:00,2,6.5,61,2.0,0.0,0
2018-12-02 00:23:00,2,7.0,54,2.0,0.0,0
2018-12-02 00:53:00,2,7.5,52,1.873701476,0.0,0
2018-12-02 01:23:00,2,8.0,35,1.389830508,0.0,0
2018-12-02 01:53:00,2,8.5,44,1.019682887,0.0,0
2018-12-02 02:23:00,2,9.0,39,1.0,0.0,0
2018-12-02 02:53:00,2,9.5,38,0.863978495,0.0,0
2018-12-02 03:23:00,2,10.0,11,0.383333333,9.266666667,1
2018-12-02 03:53:00,2,10.5,18,0.066666667,0.0,0
2018-12-02 04:23:00,2,11.0,2,0.0,0.0,0
2018-12-02 04:53:00,2,11.5,13,0.0,9.433333333,1
2018-12-02 05:23:00,2,12.0,8,0.0,0.0,0
2018-12-02 05:53:00,2,12.5,4,0.0,0.0,0
2018-12-02 06:23:00,2,13.0,2,0.0,0.0,0
2018-12-02 06:53:00,2,13.5,2,0.0,1.416666667,1
2018-12-02 16:24:00,2,-1.0,1,4.0,0.0,0
2018-12-02 16:54:00,2,-0.5,3,4.0,0.0,0
2018-12-02 17:24:00,2,0.0,7,4.0,0.0,0
2018-12-02 17:54:00,2,0.5,6,4.0,0.0,0
2018-12-02 18:24:00,2,1.0,28,4.0,0.0,0
2018-12-02 18:54:00,2,1.5,20,3.911866359,0.0,0
2018-12-02 19:24:00,2,2.0,49,3.428571429,0.0,0
2018-12-02 19:54:00,2,2.5,35,3.025921659,0.0,0
2018-12-02 20:24:00,2,3.0,61,3.0,0.0,0
2018-12-02 20:54:00,2,3.5,44,3.0,0.0,0
2018-12-02 21:24:00,2,4.0,44,3.0,0.0,0
2018-12-02 21:54:00,2,4.5,37,2.863978495,0.0,0
2018-12-02 22:24:00,2,5.0,58,2.383333333,0.0,0
2018-12-02 22:54:00,2,5.5,53,2.019354839,0.0,0
2018-12-02 23:24:00,2,6.0,40,2.0,0.0,0
2018-12-02 23:54:00,2,6.5,33,2.0,0.0,0
2018-02-13 00:24:00,2,7.0,36,2.0,1.65,1
2018-02-13 00:54:00,2,7.5,48,1.869269949,0.0,0
2018-02-13 01:24:00,2,8.0,29,1.368421053,0.0,0
2018-02-13 01:54:00,2,8.5,36,1.01188455,0.0,0
2018-02-13 02:24:00,2,9.0,29,1.0,0.0,0
2018-02-13 02:54:00,2,9.5,19,1.0,8.5,2
2018-02-13 03:24:00,2,10.0,15,1.0,3.35,2
2018-02-13 03:54:00,2,10.5,28,1.0,0.3,1
2018-02-13 04:24:00,2,11.0,20,0.0,0.0,0
2018-02-13 04:54:00,2,11.5,5,0.0,6.633333333,1
2018-02-13 05:54:00,2,12.5,4,0.0,0.0,0
2018-02-13 06:24:00,2,13.0,4,0.0,0.0,0
2018-02-13 15:55:00,2,-1.5,2,4.0,0.0,0
2018-02-13 16:25:00,2,-1.0,1,4.0,0.0,0
2018-02-13 16:55:00,2,-0.5,2,4.0,0.0,0
2018-02-13 17:25:00,2,0.0,1,4.0,0.0,0
2018-02-13 17:55:00,2,0.5,2,4.0,0.0,0
2018-02-13 18:25:00,2,1.0,15,4.0,0.0,0
2018-02-13 18:55:00,2,1.5,52,4.0,0.0,0
2018-02-13 19:25:00,2,2.0,53,4.0,0.0,0
2018-02-13 19:55:00,2,2.5,54,3.838709677,0.0,0
2018-02-13 20:25:00,2,3.0,72,3.35,0.0,0
2018-02-13 20:55:00,2,3.5,62,3.011290323,0.0,0
2018-02-13 21:25:00,2,4.0,62,3.0,0.0,0
2018-02-13 21:55:00,2,4.5,84,2.83358935,0.0,0
2018-02-13 22:25:00,2,5.0,68,2.365079365,0.0,0
2018-02-13 22:55:00,2,5.5,78,2.01843318,0.0,0
2018-02-13 23:25:00,2,6.0,41,2.0,0.0,0
2018-02-13 23:55:00,2,6.5,41,2.0,0.0,0
2018-02-14 00:25:00,2,7.0,49,2.0,0.0,0
2018-02-14 00:55:00,2,7.5,64,1.873701476,0.0,0
2018-02-14 01:25:00,2,8.0,36,1.389830508,0.0,0
2018-02-14 01:55:00,2,8.5,32,1.019682887,0.0,0
2018-02-14 02:25:00,2,9.0,29,1.0,0.0,0
2018-02-14 02:55:00,2,9.5,14,1.0,8.583333333,1
2018-02-14 03:25:00,2,10.0,10,0.0,5.383333333,2
2018-02-14 03:55:00,2,10.5,15,0.0,0.0,0
2018-02-14 04:25:00,2,11.0,22,0.0,6.333333333,1
2018-02-14 04:55:00,2,11.5,10,0.0,0.0,0
2018-02-14 05:25:00,2,12.0,12,0.0,8.033333333,1
2018-02-14 05:55:00,2,12.5,3,0.0,5.4,1
2018-02-14 06:25:00,2,13.0,2,0.0,1.866666667,1
2018-02-14 16:56:00,2,-0.5,5,4.0,0.0,0
2018-02-14 17:26:00,2,0.0,16,4.0,0.0,0
2018-02-14 17:56:00,2,0.5,11,4.0,0.0,0
2018-02-14 18:26:00,2,1.0,31,4.0,0.0,0
2018-02-14 18:56:00,2,1.5,52,3.934863524,0.0,0
2018-02-14 19:26:00,2,2.0,56,3.442307692,0.0,0
2018-02-14 19:56:00,2,2.5,47,3.022332506,0.0,0
2018-02-14 20:26:00,2,3.0,86,3.0,0.0,0
2018-02-14 20:56:00,2,3.5,54,2.83358935,0.0,0
2018-02-14 21:26:00,2,4.0,84,2.365079365,0.0,0
2018-02-14 21:56:00,2,4.5,86,2.01843318,5.133333333,4
2018-02-14 22:26:00,2,5.0,103,2.0,3.3,6
2018-02-14 22:56:00,2,5.5,91,1.854262673,0.0,0
2018-02-14 23:26:00,2,6.0,41,1.339285714,0.0,0
2018-02-14 23:56:00,2,6.5,76,1.005760369,0.0,0
2018-02-15 00:26:00,2,7.0,32,1.0,0.0,0
2018-02-15 00:56:00,2,7.5,34,0.828133263,0.0,0
2018-02-15 01:26:00,2,8.0,62,0.344262295,0.0,0
2018-02-15 01:56:00,2,8.5,33,0.049180328,0.0,0
2018-02-15 02:26:00,2,9.0,36,0.0,0.583333333,2
2018-02-15 02:56:00,2,9.5,46,0.0,0.0,0
2018-02-15 03:26:00,2,10.0,8,0.0,0.0,0
2018-02-15 16:26:00,2,-1.0,16,4.0,0.0,0
2018-02-15 16:56:00,2,-0.5,10,4.0,0.0,0
2018-02-15 17:26:00,2,0.0,8,4.0,0.0,0
2018-02-15 17:56:00,2,0.5,9,4.0,5.55,1
2018-02-15 18:26:00,2,1.0,29,4.0,7.833333333,5
2018-02-15 18:56:00,2,1.5,34,3.822307272,0.55,4
2018-02-15 19:26:00,2,2.0,51,3.322033898,1.266666667,1
2018-02-15 19:56:00,2,2.5,61,3.005467469,0.366666667,1
2018-02-15 20:26:00,2,3.0,65,3.0,0.0,0
2018-02-15 20:56:00,2,3.5,72,3.0,0.0,0
2018-02-15 21:26:00,2,4.0,88,3.0,0.0,0
2018-02-15 21:56:00,2,4.5,50,2.830905307,0.0,0
2018-02-15 22:26:00,2,5.0,107,2.35483871,0.0,0
2018-02-15 22:56:00,2,5.5,70,2.014568158,0.0,0
2018-02-15 23:26:00,2,6.0,55,2.0,0.0,0
2018-02-15 23:56:00,2,6.5,45,2.0,0.0,0
2018-02-16 00:26:00,2,7.0,43,2.0,0.0,0
2018-02-16 00:56:00,2,7.5,40,1.849097868,0.0,0
2018-02-16 01:26:00,2,8.0,48,1.355932203,0.0,0
2018-02-16 01:56:00,2,8.5,37,1.011481684,0.0,0
2018-02-16 02:26:00,2,9.0,34,1.0,0.0,0
2018-02-16 02:56:00,2,9.5,25,1.0,0.0,0
2018-02-16 03:26:00,2,10.0,6,1.0,0.0,0
2018-02-16 03:56:00,2,10.5,10,1.0,0.0,0
2018-02-16 04:26:00,2,11.0,15,0.0,0.0,0
2018-02-16 04:56:00,2,11.5,3,0.0,0.0,0
2018-02-16 05:26:00,2,12.0,2,0.0,0.0,0
2018-02-16 16:27:00,2,-1.0,2,4.0,10.06666667,1
2018-02-16 16:57:00,2,-0.5,5,4.0,2.1,1
2018-02-16 17:27:00,2,0.0,10,4.0,0.0,0
2018-02-16 17:57:00,2,0.5,3,4.0,0.0,0
2018-02-16 18:27:00,2,1.0,17,4.0,0.0,0
2018-02-16 18:57:00,2,1.5,53,4.0,0.0,0
2018-02-16 19:27:00,2,2.0,57,4.0,0.0,0
2018-02-16 19:57:00,2,2.5,48,3.800105764,0.0,0
2018-02-16 20:27:00,2,3.0,45,3.31147541,0.0,0
2018-02-16 20:57:00,2,3.5,58,3.005288207,0.0,0
2018-02-16 21:27:00,2,4.0,45,3.0,0.0,0
2018-02-16 21:57:00,2,4.5,53,3.0,1.816666667,2
2018-02-16 22:27:00,2,5.0,65,3.0,0.0,0
2018-02-16 22:57:00,2,5.5,70,2.796774194,0.0,0
2018-02-16 23:27:00,2,6.0,41,2.3,0.0,0
2018-02-16 23:57:00,2,6.5,52,2.003225806,0.0,0
2018-02-17 00:27:00,2,7.0,44,2.0,0.0,0
2018-02-17 00:57:00,2,7.5,59,2.0,0.0,0
2018-02-17 01:27:00,2,8.0,49,2.0,0.0,0
2018-02-17 01:57:00,2,8.5,37,2.0,0.0,0
2018-02-17 02:27:00,2,9.0,35,2.0,0.0,0
2018-02-17 02:57:00,2,9.5,52,1.843803056,0.0,0
2018-02-17 03:27:00,2,10.0,32,1.333333333,0.0,0
2018-02-17 03:57:00,2,10.5,15,1.00565931,0.0,0
2018-02-17 04:27:00,2,11.0,17,1.0,0.0,0
2018-02-17 04:57:00,2,11.5,10,1.0,0.266666667,1
2018-02-17 05:27:00,2,12.0,5,0.0,3.933333333,1
2018-02-17 05:57:00,2,12.5,2,0.0,0.0,0
2018-02-17 06:27:00,2,13.0,3,0.0,0.0,0
2018-02-17 15:58:00,2,-1.5,4,4.0,0.0,0
2018-02-17 16:28:00,2,-1.0,1,4.0,0.0,0
2018-02-17 16:58:00,2,-0.5,10,4.0,5.533333333,2
2018-02-17 17:28:00,2,0.0,8,4.0,1.25,2
2018-02-17 17:58:00,2,0.5,13,4.0,4.033333333,1
2018-02-17 18:28:00,2,1.0,40,4.0,0.0,0
2018-02-17 18:58:00,2,1.5,45,3.800105764,0.0,0
2018-02-17 19:28:00,2,2.0,55,3.31147541,0.0,0
2018-02-17 19:58:00,2,2.5,63,3.005288207,0.0,0
2018-02-17 20:28:00,2,3.0,65,3.0,1.25,1
2018-02-17 20:58:00,2,3.5,68,3.0,0.116666667,1
2018-02-17 21:28:00,2,4.0,71,3.0,0.0,0
2018-02-17 21:58:00,2,4.5,45,3.0,0.0,0
2018-02-17 22:28:00,2,5.0,63,3.0,0.0,0
2018-02-17 22:58:00,2,5.5,52,2.796774194,0.0,0
2018-02-17 23:28:00,2,6.0,45,2.3,0.9,1
2018-02-17 23:58:00,2,6.5,72,2.003225806,0.0,0
2018-02-18 00:28:00,2,7.0,62,2.0,0.0,0
2018-02-18 00:58:00,2,7.5,78,2.0,0.0,0
2018-02-18 01:28:00,2,8.0,44,2.0,0.0,0
2018-02-18 01:58:00,2,8.5,52,1.814383924,0.0,0
2018-02-18 02:28:00,2,9.0,46,1.327868852,0.0,0
2018-02-18 02:58:00,2,9.5,56,0.82400475,0.0,0
2018-02-18 03:28:00,2,10.0,38,0.298245614,0.0,0
2018-02-18 03:58:00,2,10.5,4,0.01754386,0.0,0
2018-02-18 15:59:00,2,-1.5,6,4.0,0.0,0
2018-02-18 16:29:00,2,-1.0,9,4.0,0.0,0
2018-02-18 16:59:00,2,-0.5,10,4.0,2.216666667,1
2018-02-18 17:29:00,2,0.0,14,4.0,0.2,2
2018-02-18 17:59:00,2,0.5,9,4.0,0.0,0
2018-02-18 18:29:00,2,1.0,30,4.0,0.0,0
2018-02-18 18:59:00,2,1.5,46,4.0,0.0,0
2018-02-18 19:29:00,2,2.0,52,4.0,0.0,0
2018-02-18 19:59:00,2,2.5,50,3.766129032,1.25,1
2018-02-18 20:29:00,2,3.0,71,3.266666667,0.0,0
2018-02-18 20:59:00,2,3.5,65,3.000537634,0.0,0
2018-02-18 21:29:00,2,4.0,52,3.0,0.0,0
2018-02-18 21:59:00,2,4.5,60,3.0,0.0,0
2018-02-18 22:29:00,2,5.0,52,3.0,0.0,0
2018-02-18 22:59:00,2,5.5,62,2.785298784,0.0,0
2018-02-18 23:29:00,2,6.0,59,2.295081967,0.0,0
2018-02-18 23:59:00,2,6.5,37,2.003172924,0.0,0
2018-02-19 00:29:00,2,7.0,39,2.0,3.616666667,1
2018-02-19 00:59:00,2,7.5,47,1.777265745,0.0,0
2018-02-19 01:29:00,2,8.0,40,1.301587302,0.2,1
2018-02-19 01:59:00,2,8.5,37,1.005120328,0.0,0
2018-02-19 02:29:00,2,9.0,32,1.0,0.0,0
2018-02-19 02:59:00,2,9.5,22,1.0,0.433333333,1
2018-02-19 03:29:00,2,10.0,22,1.0,0.0,0
2018-02-19 03:59:00,2,10.5,11,1.0,0.0,0
2018-02-19 04:29:00,2,11.0,5,0.0,0.0,0
2018-02-19 04:59:00,2,11.5,3,0.0,0.0,0
2018-02-19 16:00:00,2,-1.5,8,4.0,0.0,0
2018-02-19 16:30:00,2,-1.0,1,4.0,0.0,0
2018-02-19 17:00:00,2,-0.5,4,4.0,0.0,0
2018-02-19 17:30:00,2,0.0,9,4.0,0.0,0
2018-02-19 18:00:00,2,0.5,19,4.0,0.0,0
2018-02-19 18:30:00,2,1.0,22,4.0,0.0,0
2018-02-19 19:00:00,2,1.5,41,4.0,0.0,0
2018-02-19 19:30:00,2,2.0,34,4.0,0.0,0
2018-02-19 20:00:00,2,2.5,43,3.769962983,0.0,0
2018-02-19 20:30:00,2,3.0,55,3.278688525,0.0,0
2018-02-19 21:00:00,2,3.5,84,3.001586462,0.0,0
2018-02-19 21:30:00,2,4.0,90,3.0,0.0,0
2018-02-19 22:00:00,2,4.5,90,3.0,0.0,0
2018-02-19 22:30:00,2,5.0,81,3.0,0.0,0
2018-02-19 23:00:00,2,5.5,58,2.774193548,0.0,0
2018-02-19 23:30:00,2,6.0,55,2.25862069,0.0,0
2018-02-20 00:00:00,2,6.5,32,2.0,0.0,0
2018-02-20 00:30:00,2,7.0,37,2.0,0.0,0
2018-02-20 01:00:00,2,7.5,50,2.0,0.0,0
2018-02-20 01:30:00,2,8.0,36,2.0,3.166666667,1
2018-02-20 02:00:00,2,8.5,46,2.0,0.416666667,2
2018-02-20 02:30:00,2,9.0,26,2.0,0.0,0
2018-02-20 03:00:00,2,9.5,30,1.822307272,1.55,1
2018-02-20 03:30:00,2,10.0,20,1.322033898,0.0,0
2018-02-20 04:00:00,2,10.5,10,1.005467469,0.0,0
2018-02-20 04:30:00,2,11.0,10,1.0,0.0,0
2018-02-20 05:00:00,2,11.5,1,1.0,0.0,0
2018-02-20 05:30:00,2,12.0,2,0.0,0.0,0
2018-03-17 17:20:00,3,-0.5,17,4.0,0.0,0
2018-03-17 17:50:00,3,0.0,10,4.0,0.0,0
2018-03-17 18:20:00,3,0.5,34,4.0,0.0,0
2018-03-17 18:50:00,3,1.0,26,3.890738814,0.0,0
2018-03-17 19:20:00,3,1.5,43,3.435483871,0.0,0
2018-03-17 19:50:00,3,2.0,77,3.040582726,0.0,0
2018-03-17 20:20:00,3,2.5,71,3.0,0.0,0
2018-03-17 20:50:00,3,3.0,88,3.0,0.0,0
2018-03-17 21:20:00,3,3.5,92,3.0,0.0,0
2018-03-17 21:50:00,3,4.0,93,2.917741935,0.0,0
2018-03-17 22:20:00,3,4.5,106,2.466666667,0.0,0
2018-03-17 22:50:00,3,5.0,133,2.048924731,0.0,0
2018-03-17 23:20:00,3,5.5,85,2.0,0.0,0
2018-03-17 23:50:00,3,6.0,96,1.902713774,0.0,0
2018-03-18 00:20:00,3,6.5,107,1.46031746,0.0,0
2018-03-18 00:50:00,3,7.0,117,0.975422427,0.0,0
2018-03-18 01:20:00,3,7.5,74,0.446428571,0.0,0
2018-03-18 01:50:00,3,8.0,27,0.089285714,0.0,0
2018-03-18 02:20:00,3,8.5,21,0.0,0.0,0
2018-03-18 02:50:00,3,9.0,15,0.0,0.0,0
2018-03-18 03:20:00,3,9.5,3,0.0,28.83333333,6
2018-03-18 03:50:00,3,10.0,13,0.0,21.48333333,3
2018-03-18 04:20:00,3,10.5,7,0.0,0.0,0
2018-03-18 04:50:00,3,11.0,16,0.0,1.316666667,1
2018-03-18 16:20:00,3,-1.5,52,4.0,0.0,0
2018-03-18 16:50:00,3,-1.0,29,4.0,0.0,0
2018-03-18 17:20:00,3,-0.5,13,4.0,0.0,0
2018-03-18 17:50:00,3,0.0,14,4.0,0.0,0
2018-03-18 18:20:00,3,0.5,15,4.0,0.0,0
2018-03-18 18:50:00,3,1.0,12,4.0,0.0,0
2018-03-18 19:20:00,3,1.5,27,4.0,0.0,0
2018-03-18 19:50:00,3,2.0,41,3.908064516,0.0,0
2018-03-18 20:20:00,3,2.5,26,3.45,0.0,0
2018-03-18 20:50:00,3,3.0,41,3.041935484,0.0,0
2018-03-18 21:20:00,3,3.5,68,3.0,2.333333333,1
2018-03-18 21:50:00,3,4.0,79,3.0,0.0,0
2018-03-18 22:20:00,3,4.5,92,3.0,0.0,0
2018-03-18 22:50:00,3,5.0,104,2.916347731,0.0,0
2018-03-18 23:20:00,3,5.5,85,2.457627119,0.0,0
2018-03-18 23:50:00,3,6.0,93,2.042646255,0.0,0
2018-03-19 00:20:00,3,6.5,98,2.0,0.0,0
2018-03-19 00:50:00,3,7.0,55,1.890738814,0.0,0
2018-03-19 01:20:00,3,7.5,35,1.435483871,0.0,0
2018-03-19 01:50:00,3,8.0,29,1.040582726,0.0,0
2018-03-19 02:20:00,3,8.5,33,1.0,0.0,0
2018-03-19 02:50:00,3,9.0,35,1.0,0.0,0
2018-03-19 03:20:00,3,9.5,18,1.0,0.0,0
2018-03-19 03:50:00,3,10.0,10,1.0,2.7,1
2018-03-19 04:20:00,3,10.5,4,0.0,7.15,1
2018-03-19 04:50:00,3,11.0,5,0.0,0.0,0
2018-03-19 05:50:00,3,12.0,3,0.0,0.0,0
2018-03-19 06:20:00,3,12.5,1,0.0,0.0,0
2018-03-19 06:50:00,3,13.0,4,0.0,0.0,0
2018-03-19 07:20:00,3,13.5,1,0.0,0.0,0
2018-03-19 17:21:00,3,-0.5,1,4.0,0.0,0
2018-03-19 17:51:00,3,0.0,6,4.0,0.0,0
2018-03-19 18:21:00,3,0.5,16,4.0,0.0,0
2018-03-19 18:51:00,3,1.0,12,4.0,0.933333333,1
2018-03-19 19:21:00,3,1.5,11,4.0,0.0,0
2018-03-19 19:51:00,3,2.0,22,3.901144641,0.033333333,1
2018-03-19 20:21:00,3,2.5,19,3.451612903,0.0,0
2018-03-19 20:51:00,3,3.0,35,3.047346514,0.0,0
2018-03-19 21:21:00,3,3.5,58,3.0,0.0,0
2018-03-19 21:51:00,3,4.0,48,3.0,0.0,0
2018-03-19 22:21:00,3,4.5,54,3.0,0.0,0
2018-03-19 22:51:00,3,5.0,53,3.0,0.0,0
2018-03-19 23:21:00,3,5.5,80,3.0,0.0,0
2018-03-19 23:51:00,3,6.0,43,3.0,0.0,0
2018-03-20 00:21:00,3,6.5,59,3.0,0.0,0
2018-03-20 00:51:00,3,7.0,39,3.0,0.0,0
2018-03-20 01:21:00,3,7.5,31,3.0,0.0,0
2018-03-20 01:51:00,3,8.0,30,2.896118097,4.483333333,2
2018-03-20 02:21:00,3,8.5,28,2.423728814,0.0,0
2018-03-20 02:51:00,3,9.0,14,2.030071077,1.816666667,1
2018-03-20 03:21:00,3,9.5,16,2.0,0.0,0
2018-03-20 03:51:00,3,10.0,14,2.0,0.0,0
2018-03-20 04:21:00,3,10.5,4,2.0,0.0,0
2018-03-20 05:21:00,3,11.5,5,2.0,0.0,0
2018-03-20 05:51:00,3,12.0,3,2.0,0.0,0
2018-03-20 06:21:00,3,12.5,4,0.0,0.0,0
2018-03-20 07:21:00,3,13.5,2,0.0,0.0,0
2018-03-28 17:57:00,3,-1.0,3,4.0,0.0,0
2018-03-28 18:27:00,3,-0.5,9,4.0,0.0,0
2018-03-28 18:57:00,3,0.0,10,4.0,0.0,0
2018-03-28 19:27:00,3,0.5,11,4.0,0.0,0
2018-03-28 19:57:00,3,1.0,11,3.820276498,0.0,0
2018-03-28 20:27:00,3,1.5,21,3.349206349,0.0,0
2018-03-28 20:57:00,3,2.0,31,3.014336918,0.0,0
2018-03-28 21:27:00,3,2.5,29,3.0,0.0,0
2018-03-28 21:57:00,3,3.0,33,3.0,0.0,0
2018-03-28 22:27:00,3,3.5,14,3.0,0.0,0
2018-03-28 22:57:00,3,4.0,44,3.0,0.0,0
2018-03-28 23:27:00,3,4.5,53,3.0,0.0,0
2018-03-28 23:57:00,3,5.0,46,3.0,0.0,0
2018-03-29 00:27:00,3,5.5,56,3.0,8.633333333,1
2018-03-29 00:57:00,3,6.0,46,2.800105764,0.0,0
2018-03-29 01:27:00,3,6.5,46,2.31147541,0.0,0
2018-03-29 01:57:00,3,7.0,43,2.005288207,5.516666667,1
2018-03-29 02:27:00,3,7.5,61,2.0,0.0,0
2018-03-29 02:57:00,3,8.0,21,2.0,0.0,0
2018-03-29 03:27:00,3,8.5,29,2.0,0.0,0
2018-03-29 03:57:00,3,9.0,16,2.0,0.0,0
2018-03-29 04:27:00,3,9.5,12,2.0,0.0,0
2018-03-29 04:57:00,3,10.0,7,2.0,0.0,0
2018-03-29 05:27:00,3,10.5,4,0.0,0.0,0
2018-03-29 05:57:00,3,11.0,3,0.0,0.0,0
2018-03-29 06:27:00,3,11.5,1,0.0,0.0,0
2018-03-29 06:57:00,3,12.0,2,0.0,0.0,0
2018-03-29 07:57:00,3,13.0,1,0.0,0.0,0
2018-03-30 16:59:00,3,-2.0,2,4.0,0.0,0
2018-03-30 17:59:00,3,-1.0,1,4.0,0.0,0
2018-03-30 18:29:00,3,-0.5,9,4.0,0.0,0
2018-03-30 18:59:00,3,0.0,25,4.0,0.0,0
2018-03-30 19:29:00,3,0.5,13,4.0,0.0,0
2018-03-30 19:59:00,3,1.0,13,3.814383924,0.0,0
2018-03-30 20:29:00,3,1.5,74,3.327868852,0.0,0
2018-03-30 20:59:00,3,2.0,107,3.007932311,0.0,0
2018-03-30 21:29:00,3,2.5,106,3.0,0.0,0
2018-03-30 21:59:00,3,3.0,81,2.800105764,0.0,0
2018-03-30 22:29:00,3,3.5,56,2.31147541,0.0,0
2018-03-30 22:59:00,3,4.0,129,2.005288207,0.0,0
2018-03-30 23:29:00,3,4.5,98,2.0,0.0,0
2018-03-30 23:59:00,3,5.0,69,2.0,8.683333333,1
2018-03-31 00:29:00,3,5.5,94,2.0,0.0,0
2018-03-31 00:59:00,3,6.0,76,1.804783092,0.0,0
2018-03-31 01:29:00,3,6.5,55,1.293103448,9.533333333,1
2018-03-31 01:59:00,3,7.0,28,0.779689297,0.0,0
2018-03-31 02:29:00,3,7.5,21,0.271186441,0.0,0
2018-03-31 02:59:00,3,8.0,27,0.008474576,0.0,0
2018-03-31 03:29:00,3,8.5,16,0.0,0.0,0
2018-03-31 03:59:00,3,9.0,15,0.0,0.0,0
2018-03-31 04:29:00,3,9.5,2,0.0,0.0,0
2018-02-04 17:01:00,4,-2.0,8,4.0,0.0,0
2018-02-04 17:31:00,4,-1.5,47,4.0,0.0,0
2018-02-04 18:01:00,4,-1.0,69,4.0,0.0,0
2018-02-04 18:31:00,4,-0.5,26,4.0,0.0,0
2018-02-04 19:01:00,4,0.0,39,4.0,0.0,0
2018-02-04 19:31:00,4,0.5,26,4.0,0.0,0
2018-02-04 20:01:00,4,1.0,54,3.778020776,0.0,0
2018-02-04 20:31:00,4,1.5,61,3.271186441,0.0,0
2018-02-04 21:01:00,4,2.0,76,3.000546747,0.0,0
2018-02-04 21:31:00,4,2.5,68,3.0,2.75,1
2018-02-04 22:01:00,4,3.0,98,2.774193548,8.95,1
2018-02-04 22:31:00,4,3.5,82,2.25862069,0.0,0
2018-02-04 23:01:00,4,4.0,69,2.0,8.45,1
2018-02-04 23:31:00,4,4.5,91,2.0,6.516666667,1
2018-03-04 00:01:00,4,5.0,62,2.0,0.0,0
2018-03-04 00:31:00,4,5.5,67,2.0,0.65,1
2018-03-04 01:01:00,4,6.0,67,1.758064516,20.03333333,1
2018-03-04 01:31:00,4,6.5,60,1.274193548,0.0,0
2018-03-04 02:01:00,4,7.0,49,1.001560874,0.0,0
2018-03-04 02:31:00,4,7.5,43,1.0,0.0,0
2018-03-04 03:01:00,4,8.0,35,1.0,0.0,0
2018-03-04 03:31:00,4,8.5,17,1.0,0.0,0
2018-03-04 04:01:00,4,9.0,13,1.0,0.0,0
2018-03-04 04:31:00,4,9.5,13,0.0,0.0,0
2018-03-04 05:01:00,4,10.0,6,0.0,0.0,0
2018-03-04 06:01:00,4,11.0,2,0.0,0.0,0
2018-03-04 08:31:00,4,13.5,1,0.0,0.0,0
2018-03-04 17:01:00,4,-2.0,2,4.0,0.0,0
2018-03-04 18:31:00,4,-0.5,22,3.365384615,0.0,0
2018-03-04 19:01:00,4,0.0,14,3.006203474,0.0,0
2018-03-04 19:31:00,4,0.5,16,3.0,0.0,0
2018-03-04 20:01:00,4,1.0,21,3.0,0.0,0
2018-03-04 20:31:00,4,1.5,27,3.0,0.0,0
2018-03-04 21:01:00,4,2.0,27,3.0,9.983333333,1
2018-03-04 21:31:00,4,2.5,77,3.0,1.033333333,1
2018-03-04 22:01:00,4,3.0,54,3.0,0.0,0
2018-03-04 22:31:00,4,3.5,60,3.0,0.0,0
2018-03-04 23:01:00,4,4.0,53,2.785298784,6.45,1
2018-03-04 23:31:00,4,4.5,82,2.295081967,9.883333333,1
2018-04-04 00:01:00,4,5.0,57,2.003172924,0.0,0
2018-04-04 00:31:00,4,5.5,49,2.0,10.86666667,1
2018-04-04 01:01:00,4,6.0,69,2.0,0.0,0
2018-04-04 01:31:00,4,6.5,50,2.0,0.0,0
2018-04-04 02:01:00,4,7.0,50,2.0,0.0,0
2018-04-04 02:31:00,4,7.5,37,2.0,0.0,0
2018-04-04 03:01:00,4,8.0,32,2.0,0.0,0
2018-04-04 03:31:00,4,8.5,18,2.0,0.0,0
2018-04-04 04:01:00,4,9.0,13,2.0,0.0,0
2018-04-04 04:31:00,4,9.5,7,2.0,0.0,0
2018-04-04 05:01:00,4,10.0,5,1.832092639,0.0,0
2018-04-04 05:31:00,4,10.5,3,1.448717949,0.0,0
2018-04-04 06:01:00,4,11.0,1,1.128205128,0.0,0
2018-04-04 08:31:00,4,13.5,5,0.0,0.0,0
2018-09-04 17:35:00,4,-1.5,1,4.0,0.0,0
2018-09-04 18:05:00,4,-1.0,2,4.0,0.0,0
2018-09-04 18:35:00,4,-0.5,16,4.0,0.0,0
2018-09-04 19:05:00,4,0.0,14,3.790322581,0.0,0
2018-09-04 19:35:00,4,0.5,22,3.209677419,0.0,0
2018-09-04 20:05:00,4,1.0,18,3.0,0.0,0
2018-09-04 20:35:00,4,1.5,15,3.0,0.0,0
2018-09-04 21:05:00,4,2.0,40,3.0,0.0,0
2018-09-04 21:35:00,4,2.5,79,3.0,0.0,0
2018-09-04 22:05:00,4,3.0,85,3.0,2.466666667,1
2018-09-04 22:35:00,4,3.5,70,3.0,0.0,0
2018-09-04 23:05:00,4,4.0,88,3.0,0.0,0
2018-09-04 23:35:00,4,4.5,91,3.0,0.0,0
2018-10-04 00:05:00,4,5.0,95,3.0,0.0,0
2018-10-04 00:35:00,4,5.5,101,2.998413538,0.0,0
2018-10-04 01:05:00,4,6.0,98,2.721311475,0.0,0
2018-10-04 01:35:00,4,6.5,85,2.229700996,0.0,0
2018-10-04 02:05:00,4,7.0,64,1.833333333,0.0,0
2018-10-04 02:35:00,4,7.5,52,1.520833333,0.0,0
2018-10-04 03:05:00,4,8.0,59,1.208333333,0.0,0
2018-10-04 03:35:00,4,8.5,25,1.026041667,0.0,0
2018-10-04 04:05:00,4,9.0,8,0.0,0.0,0
2018-10-04 04:35:00,4,9.5,11,0.0,0.0,0
2018-10-04 05:05:00,4,10.0,2,0.0,0.0,0
2018-10-04 05:35:00,4,10.5,2,0.0,0.0,0
2018-11-04 17:07:00,4,-2.0,16,4.0,0.0,0
2018-11-04 17:37:00,4,-1.5,14,4.0,0.0,0
2018-11-04 18:07:00,4,-1.0,7,4.0,0.0,0
2018-11-04 18:37:00,4,-0.5,10,4.0,0.0,0
2018-11-04 19:07:00,4,0.0,18,4.0,0.0,0
2018-11-04 19:37:00,4,0.5,32,3.996662959,0.0,0
2018-11-04 20:07:00,4,1.0,25,3.689655172,0.0,0
2018-11-04 20:37:00,4,1.5,31,3.180756396,0.0,0
2018-11-04 21:07:00,4,2.0,44,3.0,0.0,0
2018-11-04 21:37:00,4,2.5,46,3.0,0.0,0
2018-11-04 22:07:00,4,3.0,57,3.0,0.0,0
2018-11-04 22:37:00,4,3.5,91,2.991935484,0.0,0
2018-11-04 23:07:00,4,4.0,105,2.666666667,0.0,0
2018-11-04 23:37:00,4,4.5,72,2.174731183,0.0,0
2018-12-04 00:07:00,4,5.0,75,2.0,0.0,0
2018-12-04 00:37:00,4,5.5,69,2.0,0.0,0
2018-12-04 01:07:00,4,6.0,54,2.0,0.0,0
2018-12-04 01:37:00,4,6.5,57,2.0,0.0,0
2018-12-04 02:07:00,4,7.0,87,2.0,0.0,0
2018-12-04 02:37:00,4,7.5,70,2.0,0.0,0
2018-12-04 03:07:00,4,8.0,31,2.0,0.0,0
2018-12-04 03:37:00,4,8.5,26,1.99941349,0.0,0
2018-12-04 04:07:00,4,9.0,12,1.709090909,0.0,0
2018-12-04 04:37:00,4,9.5,5,1.218181818,1.6,2
2018-12-04 05:07:00,4,10.0,1,0.0,16.8,2
2018-12-04 05:37:00,4,10.5,0,0.0,8.966666667,2
2018-12-04 06:07:00,4,11.0,2,0.0,0.0,0
2018-12-04 06:37:00,4,11.5,1,0.0,0.0,0
2018-12-04 08:07:00,4,13.0,1,0.0,0.0,0
2018-04-13 17:08:00,4,-2.0,28,4.0,0.0,0
2018-04-13 17:38:00,4,-1.5,13,3.984691088,0.0,0
2018-04-13 18:08:00,4,-1.0,16,3.627118644,0.0,0
2018-04-13 18:38:00,4,-0.5,49,3.138326955,0.0,0
2018-04-13 19:08:00,4,0.0,51,3.0,0.0,0
2018-04-13 19:38:00,4,0.5,52,3.0,0.0,0
2018-04-13 20:08:00,4,1.0,54,3.0,0.0,0
2018-04-13 20:38:00,4,1.5,28,3.0,0.0,0
2018-04-13 21:08:00,4,2.0,31,3.0,0.0,0
2018-04-13 21:38:00,4,2.5,28,3.0,0.0,0
2018-04-13 22:08:00,4,3.0,83,3.0,0.0,0
2018-04-13 22:38:00,4,3.5,92,2.991511036,0.0,0
2018-04-13 23:08:00,4,4.0,111,2.649122807,0.0,0
2018-04-13 23:38:00,4,4.5,116,2.143180532,0.0,0
2018-04-14 00:08:00,4,5.0,137,2.0,0.0,0
2018-04-14 00:38:00,4,5.5,151,2.0,0.0,0
2018-04-14 01:08:00,4,6.0,158,2.0,0.0,0
2018-04-14 01:38:00,4,6.5,178,2.0,0.0,0
2018-04-14 02:08:00,4,7.0,178,2.0,0.0,0
2018-04-14 02:38:00,4,7.5,62,1.991511036,0.0,0
2018-04-14 03:08:00,4,8.0,27,1.649122807,0.0,0
2018-04-14 03:38:00,4,8.5,25,1.143180532,1.0,1
2018-04-14 04:08:00,4,9.0,12,1.0,0.0,0
2018-04-14 04:38:00,4,9.5,17,1.0,0.0,0
2018-04-14 05:08:00,4,10.0,3,0.0,0.0,0
2018-04-14 06:38:00,4,11.5,1,0.0,0.0,0
2018-04-14 08:38:00,4,13.5,7,0.0,0.0,0
2018-04-14 17:09:00,4,-2.0,25,4.0,0.0,0
2018-04-14 17:39:00,4,-1.5,11,4.0,0.0,0
2018-04-14 18:09:00,4,-1.0,24,4.0,0.0,0
2018-04-14 18:39:00,4,-0.5,42,3.977318548,0.0,0
2018-04-14 19:09:00,4,0.0,38,3.625,0.0,0
2018-04-14 19:39:00,4,0.5,31,3.163810484,0.0,0
2018-04-14 20:09:00,4,1.0,35,3.0,0.0,0
2018-04-14 20:39:00,4,1.5,23,3.0,0.0,0
2018-04-14 21:09:00,4,2.0,25,3.0,0.0,0
2018-04-14 21:39:00,4,2.5,26,3.0,0.0,0
2018-04-14 22:09:00,4,3.0,26,3.0,0.0,0
2018-04-14 22:39:00,4,3.5,59,3.0,0.0,0
2018-04-14 23:09:00,4,4.0,65,3.0,0.0,0
2018-04-14 23:39:00,4,4.5,74,3.0,0.0,0
2018-04-15 00:09:00,4,5.0,69,3.0,0.0,0
2018-04-15 00:39:00,4,5.5,89,3.0,0.0,0
2018-04-15 01:09:00,4,6.0,66,3.0,0.0,0
2018-04-15 01:39:00,4,6.5,71,3.0,0.0,0
2018-04-15 02:09:00,4,7.0,66,3.0,0.0,0
2018-04-15 02:39:00,4,7.5,90,2.984427141,0.0,0
2018-04-15 03:09:00,4,8.0,51,2.620689655,0.0,0
2018-04-15 03:39:00,4,8.5,82,2.128476085,0.0,0
2018-04-15 04:09:00,4,9.0,40,2.0,0.0,0
2018-04-15 04:39:00,4,9.5,12,2.0,0.0,0
2018-04-15 05:09:00,4,10.0,6,2.0,0.0,0
2018-04-15 05:39:00,4,10.5,5,2.0,14.41666667,1
2018-04-15 17:10:00,4,-2.0,5,4.0,0.0,0
2018-04-15 17:40:00,4,-1.5,22,4.0,0.0,0
2018-04-15 18:10:00,4,-1.0,12,4.0,0.0,0
2018-04-15 18:40:00,4,-0.5,18,4.0,0.0,0
2018-04-15 19:10:00,4,0.0,24,4.0,0.0,0
2018-04-15 19:40:00,4,0.5,30,4.0,0.0,0
2018-04-15 20:10:00,4,1.0,26,4.0,0.0,0
2018-04-15 20:40:00,4,1.5,39,3.97091486,0.0,0
2018-04-15 21:10:00,4,2.0,36,3.590163934,14.43333333,4
2018-04-15 21:40:00,4,2.5,23,3.122157589,0.0,0
2018-04-15 22:10:00,4,3.0,30,3.0,0.0,0
2018-04-15 22:40:00,4,3.5,22,3.0,0.0,0
2018-04-15 23:10:00,4,4.0,25,3.0,0.0,0
2018-04-15 23:40:00,4,4.5,24,3.0,0.0,0
2018-04-16 00:10:00,4,5.0,23,3.0,0.0,0
2018-04-16 00:40:00,4,5.5,41,2.970430108,0.0,0
2018-04-16 01:10:00,4,6.0,28,2.583333333,0.0,0
2018-04-16 01:40:00,4,6.5,31,2.112903226,0.0,0
2018-04-16 02:10:00,4,7.0,25,2.0,0.0,0
2018-04-16 02:40:00,4,7.5,28,1.979977753,0.0,0
2018-04-16 03:10:00,4,8.0,29,1.603448276,0.0,0
2018-04-16 03:40:00,4,8.5,17,1.11679644,0.0,0
2018-04-16 04:10:00,4,9.0,6,1.0,0.0,0
2018-04-16 04:40:00,4,9.5,7,1.0,0.0,0
2018-04-16 05:10:00,4,10.0,9,0.0,0.0,0
2018-04-16 05:40:00,4,10.5,1,0.0,9.116666667,1
2018-04-16 06:10:00,4,11.0,4,0.0,0.0,0
2018-04-16 06:40:00,4,11.5,0,0.0,10.08333333,1
2018-04-16 08:10:00,4,13.0,1,0.0,0.0,0
2018-04-16 18:10:00,4,-1.0,43,4.0,0.0,0
2018-04-16 18:40:00,4,-0.5,46,4.0,0.0,0
2018-04-16 19:10:00,4,0.0,45,4.0,0.0,0
2018-04-16 19:40:00,4,0.5,26,4.0,0.0,0
2018-04-16 20:10:00,4,1.0,14,4.0,0.0,0
2018-04-16 20:40:00,4,1.5,26,3.975806452,0.0,0
2018-04-16 21:10:00,4,2.0,10,3.6,0.0,0
2018-04-16 21:40:00,4,2.5,12,3.124193548,0.0,0
2018-04-16 22:10:00,4,3.0,50,3.0,0.0,0
2018-04-16 22:40:00,4,3.5,80,3.0,0.0,0
2018-04-16 23:10:00,4,4.0,110,3.0,0.0,0
2018-04-16 23:40:00,4,4.5,71,3.0,0.0,0
2018-04-17 00:10:00,4,5.0,55,3.0,0.0,0
2018-04-17 00:40:00,4,5.5,74,2.987903226,0.0,0
2018-04-17 01:10:00,4,6.0,73,2.625,0.0,0
2018-04-17 01:40:00,4,6.5,69,2.120967742,0.0,0
2018-04-17 02:10:00,4,7.0,78,2.0,0.0,0
2018-04-17 02:40:00,4,7.5,45,2.0,0.0,0
2018-04-17 03:10:00,4,8.0,39,2.0,0.0,0
2018-04-17 03:40:00,4,8.5,35,2.0,0.0,0
2018-04-17 04:10:00,4,9.0,21,2.0,1.033333333,1
2018-04-17 04:40:00,4,9.5,7,2.0,0.0,0
2018-04-17 05:10:00,4,10.0,12,2.0,0.366666667,1
2018-04-17 05:40:00,4,10.5,2,1.973908918,0.0,0
2018-04-17 06:10:00,4,11.0,3,1.632352941,0.0,0
2018-04-17 07:10:00,4,12.0,2,0.0,0.0,0
2018-04-17 17:11:00,4,-2.0,20,4.0,0.0,0
2018-04-17 17:41:00,4,-1.5,22,4.0,0.0,0
2018-04-17 18:11:00,4,-1.0,46,4.0,0.0,0
2018-04-17 18:41:00,4,-0.5,88,4.0,0.0,0
2018-04-17 19:11:00,4,0.0,58,4.0,0.0,0
2018-04-17 19:41:00,4,0.5,39,3.97091486,0.0,0
2018-04-17 20:11:00,4,1.0,9,3.590163934,0.0,0
2018-04-17 20:41:00,4,1.5,46,3.122157589,0.0,0
2018-04-17 21:11:00,4,2.0,41,3.0,0.0,0
2018-04-17 21:41:00,4,2.5,41,3.0,0.0,0
2018-04-17 22:11:00,4,3.0,41,3.0,0.0,0
2018-04-17 22:41:00,4,3.5,21,3.0,0.0,0
2018-04-17 23:11:00,4,4.0,81,3.0,0.0,0
2018-04-17 23:41:00,4,4.5,67,3.0,0.0,0
2018-04-18 00:11:00,4,5.0,72,3.0,0.0,0
2018-04-18 00:41:00,4,5.5,71,2.964516129,0.0,0
2018-04-18 01:11:00,4,6.0,58,2.566666667,0.0,0
2018-04-18 01:41:00,4,6.5,72,2.102150538,0.0,0
2018-04-18 02:11:00,4,7.0,61,2.0,0.0,0
2018-04-18 02:41:00,4,7.5,70,2.0,0.0,0
2018-04-18 03:11:00,4,8.0,43,2.0,0.0,0
2018-04-18 03:41:00,4,8.5,36,2.0,0.0,0
2018-04-18 04:11:00,4,9.0,30,2.0,0.0,0
2018-04-18 04:41:00,4,9.5,13,2.0,0.0,0
2018-04-18 05:11:00,4,10.0,6,2.0,9.7,1
2018-04-18 05:41:00,4,10.5,6,2.0,21.88333333,3
2018-04-18 06:11:00,4,11.0,10,2.0,17.83333333,1
2018-04-18 06:41:00,4,11.5,2,2.0,10.8,1
2018-04-18 07:11:00,4,12.0,5,0.0,0.316666667,1
2018-04-18 08:11:00,4,13.0,1,0.0,0.0,0
2018-04-18 17:42:00,4,-1.5,1,4.0,7.5,1
2018-04-18 18:12:00,4,-1.0,23,4.0,2.916666667,2
2018-04-18 18:42:00,4,-0.5,40,4.0,1.05,3
2018-04-18 19:12:00,4,0.0,33,4.0,0.0,0
2018-04-18 19:42:00,4,0.5,16,3.958064516,2.4,1
2018-04-18 20:12:00,4,1.0,25,3.55,1.666666667,1
2018-04-18 20:42:00,4,1.5,21,3.091935484,5.55,7
2018-04-18 21:12:00,4,2.0,7,3.0,0.0,0
2018-04-18 21:42:00,4,2.5,14,3.02908514,0.0,0
2018-04-18 22:12:00,4,3.0,27,3.409836066,0.0,0
2018-04-18 22:42:00,4,3.5,51,3.877842411,0.783333333,2
2018-04-18 23:12:00,4,4.0,73,4.0,0.0,0
2018-04-18 23:42:00,4,4.5,53,3.979262673,0.0,0
2018-04-19 00:12:00,4,5.0,46,3.589285714,1.05,1
2018-04-19 00:42:00,4,5.5,51,3.05656682,0.0,0
2018-04-19 01:12:00,4,6.0,42,2.55,6.25,1
2018-04-19 01:42:00,4,6.5,46,2.091935484,0.0,0
2018-04-19 02:12:00,4,7.0,51,2.0,0.583333333,2
2018-04-19 02:42:00,4,7.5,68,2.0,0.0,0
2018-04-19 03:12:00,4,8.0,39,2.0,0.0,0
2018-04-19 03:42:00,4,8.5,23,2.0,0.0,0
2018-04-19 04:12:00,4,9.0,20,2.0,6.05,1
2018-04-19 04:42:00,4,9.5,13,2.0,2.833333333,1
2018-04-19 05:12:00,4,10.0,5,2.0,17.03333333,2
2018-04-19 05:42:00,4,10.5,7,2.0,32.9,3
2018-04-19 06:12:00,4,11.0,2,2.0,6.116666667,1
2018-04-19 06:42:00,4,11.5,1,2.0,22.53333333,1
2018-04-19 07:12:00,4,12.0,1,2.0,0.9,1
2018-04-19 08:12:00,4,13.0,1,2.0,0.0,0
2018-04-19 17:42:00,4,-1.5,13,4.0,0.0,0
2018-04-19 18:12:00,4,-1.0,19,4.0,0.0,0
2018-04-19 18:42:00,4,-0.5,33,4.0,0.0,0
2018-04-19 19:12:00,4,0.0,15,3.878136201,9.233333333,1
2018-04-19 19:42:00,4,0.5,34,3.188172043,0.0,0
2018-04-19 20:12:00,4,1.0,17,3.0,0.0,0
2018-04-19 20:42:00,4,1.5,19,3.0,0.0,0
2018-04-19 21:12:00,4,2.0,20,3.0,9.516666667,1
2018-04-19 21:42:00,4,2.5,8,3.0,0.0,0
2018-04-19 22:12:00,4,3.0,14,3.0,7.45,1
2018-04-19 22:42:00,4,3.5,38,3.0,1.7,1
2018-04-19 23:12:00,4,4.0,17,3.0,0.0,0
2018-04-19 23:42:00,4,4.5,63,3.0,23.3,2
2018-04-20 00:12:00,4,5.0,44,3.0,5.4,3
2018-04-20 00:42:00,4,5.5,29,3.0,0.0,0
2018-04-20 01:12:00,4,6.0,31,3.0,0.15,1
2018-04-20 01:42:00,4,6.5,43,3.0,3.75,1
2018-04-20 02:12:00,4,7.0,29,3.0,0.0,0
2018-04-20 02:42:00,4,7.5,30,3.0,6.733333333,1
2018-04-20 03:12:00,4,8.0,27,3.0,12.41666667,1
2018-04-20 03:42:00,4,8.5,21,3.0,9.633333333,1
2018-04-20 04:12:00,4,9.0,9,3.0,0.0,0
2018-04-20 04:42:00,4,9.5,12,2.969410456,0.116666667,1
2018-04-20 05:12:00,4,10.0,10,2.568965517,0.716666667,1
2018-04-20 05:42:00,4,10.5,6,2.095105673,13.71666667,1
2018-04-20 06:12:00,4,11.0,2,2.0,24.73333333,1
2018-04-20 06:42:00,4,11.5,2,2.0,0.0,0
2018-04-20 07:12:00,4,12.0,5,2.0,7.033333333,1
2018-04-20 17:13:00,4,-2.0,8,4.0,0.0,0
2018-04-20 17:43:00,4,-1.5,4,4.0,0.0,0
2018-04-20 18:13:00,4,-1.0,17,4.0,0.0,0
2018-04-20 18:43:00,4,-0.5,37,3.953405018,0.0,0
2018-04-20 19:13:00,4,0.0,20,3.555555556,7.35,1
2018-04-20 19:43:00,4,0.5,28,3.107526882,0.0,0
2018-04-20 20:13:00,4,1.0,11,3.0,0.0,0
2018-04-20 20:43:00,4,1.5,21,3.0,12.86666667,2
2018-04-20 21:13:00,4,2.0,25,3.0,11.73333333,3
2018-04-20 21:43:00,4,2.5,20,3.0,0.616666667,1
2018-04-20 22:13:00,4,3.0,34,3.0,7.15,2
2018-04-20 22:43:00,4,3.5,45,3.0,0.833333333,3
2018-04-20 23:13:00,4,4.0,51,3.0,0.0,0
2018-04-20 23:43:00,4,4.5,53,2.963292547,2.316666667,2
2018-04-21 00:13:00,4,5.0,60,2.551724138,0.466666667,2
2018-04-21 00:43:00,4,5.5,60,2.085094549,6.6,1
2018-04-21 01:13:00,4,6.0,60,2.0,0.0,0
2018-04-21 01:43:00,4,6.5,56,2.0,13.93333333,3
2018-04-21 02:13:00,4,7.0,69,2.0,11.46666667,2
2018-04-21 02:43:00,4,7.5,64,1.951075269,0.0,0
2018-04-21 03:13:00,4,8.0,40,1.533333333,5.016666667,2
2018-04-21 03:43:00,4,8.5,21,1.082258065,0.0,0
2018-04-21 04:13:00,4,9.0,20,1.0,0.0,0
2018-04-21 04:43:00,4,9.5,7,1.0,30.08333333,3
2018-04-21 05:13:00,4,10.0,2,0.0,0.0,0
2018-04-21 05:43:00,4,10.5,11,0.0,25.01666667,4
2018-04-21 06:13:00,4,11.0,3,0.0,0.0,0
2018-04-21 06:43:00,4,11.5,5,0.0,3.033333333,1
2018-04-21 07:13:00,4,12.0,5,0.0,12.18333333,1
2018-04-21 07:43:00,4,12.5,1,0.0,7.566666667,1
2018-04-21 17:14:00,4,-2.0,19,4.0,0.0,0
2018-04-21 17:44:00,4,-1.5,24,4.0,0.0,0
2018-04-21 18:14:00,4,-1.0,27,4.0,0.0,0
2018-04-21 18:44:00,4,-0.5,27,3.956618465,0.0,0
2018-04-21 19:14:00,4,0.0,26,3.534482759,4.916666667,1
2018-04-21 19:44:00,4,0.5,45,3.0756396,16.8,2
2018-04-21 20:14:00,4,1.0,25,3.0,0.0,0
2018-04-21 20:44:00,4,1.5,23,3.0,0.0,0
2018-04-21 21:14:00,4,2.0,26,3.0,0.0,0
2018-04-21 21:44:00,4,2.5,38,3.0,0.0,0
2018-04-21 22:14:00,4,3.0,84,3.0,0.0,0
2018-04-21 22:44:00,4,3.5,75,2.947076613,1.983333333,1
2018-04-21 23:14:00,4,4.0,42,2.546875,3.816666667,1
2018-04-21 23:44:00,4,4.5,56,2.105846774,6.333333333,1
2018-04-22 00:14:00,4,5.0,26,2.0,0.0,0
2018-04-22 00:44:00,4,5.5,80,2.0,0.0,0
2018-04-22 01:14:00,4,6.0,57,2.0,2.716666667,3
2018-04-22 01:44:00,4,6.5,49,2.0,2.866666667,2
2018-04-22 02:14:00,4,7.0,46,2.0,3.4,1
2018-04-22 02:44:00,4,7.5,42,2.0,0.0,0
2018-04-22 03:14:00,4,8.0,20,2.0,24.73333333,2
2018-04-22 03:44:00,4,8.5,24,2.0,1.466666667,2
2018-04-22 04:14:00,4,9.0,16,2.0,9.016666667,3
2018-04-22 04:44:00,4,9.5,7,2.0,2.95,2
2018-04-22 05:14:00,4,10.0,10,2.0,48.68333333,5
2018-04-22 05:44:00,4,10.5,5,2.0,19.7,4
2018-04-22 06:14:00,4,11.0,3,2.0,12.63333333,2
2018-04-22 06:44:00,4,11.5,1,2.0,5.4,1
2018-04-22 07:14:00,4,12.0,2,2.0,9.716666667,1
2018-04-22 08:14:00,4,13.0,2,0.0,6.633333333,1
2018-04-22 17:14:00,4,-2.0,6,4.0,0.0,0
2018-04-22 17:44:00,4,-1.5,12,4.0,0.0,0
2018-04-22 18:14:00,4,-1.0,3,4.0,0.0,0
2018-04-22 18:44:00,4,-0.5,34,3.987683284,0.0,0
2018-04-22 19:14:00,4,0.0,23,3.618181818,5.833333333,2
2018-04-22 19:44:00,4,0.5,13,3.11143695,0.1,1
2018-04-22 20:14:00,4,1.0,20,3.0,0.0,0
2018-04-22 20:44:00,4,1.5,13,3.0,0.5,2
2018-04-22 21:14:00,4,2.0,32,3.0,0.0,0
2018-04-22 21:44:00,4,2.5,54,3.0,0.0,0
2018-04-22 22:14:00,4,3.0,41,3.0,0.0,0
2018-04-22 22:44:00,4,3.5,52,2.950246036,0.0,0
2018-04-22 23:14:00,4,4.0,61,2.525423729,0.0,0
2018-04-22 23:44:00,4,4.5,57,2.074357572,4.15,1
2018-04-23 00:14:00,4,5.0,73,2.0,0.0,0
2018-04-23 00:44:00,4,5.5,61,1.943548387,9.266666667,2
2018-04-23 01:14:00,4,6.0,60,1.516666667,1.066666667,3
2018-04-23 01:44:00,4,6.5,56,1.133333333,0.833333333,2
2018-04-23 02:14:00,4,7.0,67,0.0,0.0,0
2018-04-23 17:15:00,4,-2.0,48,4.0,0.0,0
2018-04-23 17:45:00,4,-1.5,29,4.0,0.0,0
2018-04-23 18:15:00,4,-1.0,20,4.0,0.0,0
2018-04-23 18:45:00,4,-0.5,12,4.0,0.0,0
2018-04-23 19:15:00,4,0.0,4,4.0,0.0,0
2018-04-23 19:45:00,4,0.5,52,3.949388209,0.15,1
2018-04-23 20:15:00,4,1.0,52,3.517241379,0.0,0
2018-04-23 20:45:00,4,1.5,63,3.066740823,0.0,0
2018-04-23 21:15:00,4,2.0,25,3.0,0.0,0
2018-04-23 21:45:00,4,2.5,58,3.0,0.0,0
2018-04-23 22:15:00,4,3.0,57,3.0,0.0,0
2018-04-23 22:45:00,4,3.5,53,3.0,0.0,0
2018-04-23 23:15:00,4,4.0,65,3.0,1.483333333,1
2018-04-23 23:45:00,4,4.5,43,3.0,0.0,0
2018-04-24 00:15:00,4,5.0,84,3.0,0.0,0
2018-04-24 00:45:00,4,5.5,88,3.0,0.0,0
2018-04-24 01:15:00,4,6.0,76,3.0,0.0,0
2018-04-24 01:45:00,4,6.5,84,3.0,0.0,0
2018-04-24 02:15:00,4,7.0,64,3.0,0.0,0
2018-04-24 02:45:00,4,7.5,32,2.94259158,0.0,0
2018-04-24 03:15:00,4,8.0,33,2.508474576,0.0,0
2018-04-24 03:45:00,4,8.5,16,2.065609623,6.55,1
2018-04-24 04:15:00,4,9.0,6,2.0,11.61666667,1
2018-04-24 04:45:00,4,9.5,6,2.0,1.083333333,3
2018-04-24 05:15:00,4,10.0,3,2.0,4.9,1
2018-04-24 05:45:00,4,10.5,3,2.0,31.76666667,2
2018-04-24 06:15:00,4,11.0,1,2.0,3.05,1
2018-04-24 06:45:00,4,11.5,1,2.0,8.0,1
2018-04-24 08:15:00,4,13.0,2,2.0,11.95,1
2018-04-24 17:16:00,4,-2.0,2,4.0,0.0,0
2018-04-24 17:46:00,4,-1.5,26,4.0,0.0,0
2018-04-24 18:16:00,4,-1.0,3,4.0,0.0,0
2018-04-24 18:46:00,4,-0.5,3,4.0,0.0,0
2018-04-24 19:16:00,4,0.0,17,4.0,0.0,0
2018-04-24 19:46:00,4,0.5,30,4.0,0.0,0
2018-04-24 20:16:00,4,1.0,38,4.0,0.0,0
2018-04-24 20:46:00,4,1.5,38,3.935483871,0.0,0
2018-04-24 21:16:00,4,2.0,56,3.5,0.0,0
2018-04-24 21:46:00,4,2.5,63,3.048938794,0.0,0
2018-04-24 22:16:00,4,3.0,53,2.879275654,0.0,0
2018-04-24 22:46:00,4,3.5,26,2.758551308,0.0,0
2018-04-25 06:16:00,4,11.0,4,1.004024145,10.48333333,2
2018-04-25 07:16:00,4,12.0,2,0.0,3.683333333,1
2018-04-25 07:46:00,4,12.5,2,0.0,2.933333333,1
2018-04-25 17:17:00,4,-2.0,17,4.0,0.0,0
2018-04-25 17:47:00,4,-1.5,16,4.0,0.716666667,1
2018-04-25 18:17:00,4,-1.0,13,4.0,6.2,1
2018-04-25 18:47:00,4,-0.5,16,4.0,0.0,0
2018-04-25 19:17:00,4,0.0,7,4.0,7.716666667,1
2018-04-25 19:47:00,4,0.5,20,3.92688172,0.0,0
2018-04-25 20:17:00,4,1.0,28,3.483333333,0.0,0
2018-04-25 20:47:00,4,1.5,28,3.056451613,0.0,0
2018-04-25 21:17:00,4,2.0,58,3.0,0.0,0
2018-04-25 21:47:00,4,2.5,71,3.0,0.0,0
2018-04-25 22:17:00,4,3.0,60,3.0,0.0,0
2018-04-25 22:47:00,4,3.5,11,3.0,0.0,0
2018-04-25 23:17:00,4,4.0,47,3.0,0.0,0
2018-04-25 23:47:00,4,4.5,56,2.933259177,0.0,0
2018-04-26 00:17:00,4,5.0,57,2.482758621,0.0,0
2018-04-26 00:47:00,4,5.5,36,2.050611791,0.0,0
2018-04-26 01:17:00,4,6.0,38,2.0,0.0,0
2018-04-26 01:47:00,4,6.5,37,2.0,0.0,0
2018-04-26 02:17:00,4,7.0,66,2.0,0.0,0
2018-04-26 02:47:00,4,7.5,28,2.0,0.0,0
2018-04-26 03:17:00,4,8.0,22,2.0,0.0,0
2018-04-26 03:47:00,4,8.5,37,2.0,0.0,0
2018-04-26 04:17:00,4,9.0,13,2.0,12.23333333,1
2018-04-26 04:47:00,4,9.5,7,2.0,1.966666667,2
2018-04-26 05:17:00,4,10.0,3,0.0,4.133333333,1
2018-04-26 05:47:00,4,10.5,4,0.0,0.033333333,1
2018-04-26 06:17:00,4,11.0,1,0.0,0.0,0
2018-04-26 06:47:00,4,11.5,3,0.0,0.0,0
2018-04-26 07:47:00,4,12.5,1,0.0,0.0,0
2018-04-26 17:17:00,4,-2.0,2,4.0,0.0,0
2018-04-26 17:47:00,4,-1.5,5,4.0,0.0,0
2018-04-26 18:17:00,4,-1.0,10,4.0,0.0,0
2018-04-26 18:47:00,4,-0.5,15,4.0,0.0,0
2018-04-26 19:17:00,4,0.0,14,4.0,0.0,0
2018-04-26 19:47:00,4,0.5,8,3.919090428,0.0,0
2018-04-26 20:17:00,4,1.0,6,3.475409836,0.0,0
2018-04-26 20:47:00,4,1.5,48,3.055526177,0.0,0
2018-04-26 21:17:00,4,2.0,84,3.0,1.7,1
2018-04-26 21:47:00,4,2.5,80,3.0,0.0,0
2018-04-26 22:17:00,4,3.0,79,3.0,21.3,2
2018-04-26 22:47:00,4,3.5,62,3.0,4.983333333,1
2018-04-26 23:17:00,4,4.0,57,3.0,0.0,0
2018-04-26 23:47:00,4,4.5,66,2.920395421,0.0,0
2018-04-27 00:17:00,4,5.0,65,2.483870968,4.483333333,1
2018-04-27 00:47:00,4,5.5,72,2.062434964,0.0,0
2018-04-27 01:17:00,4,6.0,89,2.0,3.966666667,1
2018-04-27 01:47:00,4,6.5,77,1.919090428,6.133333333,1
2018-04-27 02:17:00,4,7.0,31,1.475409836,15.31666667,4
2018-04-27 02:47:00,4,7.5,28,1.055526177,12.38333333,2
2018-04-27 03:17:00,4,8.0,28,1.0,5.516666667,2
2018-04-27 03:47:00,4,8.5,15,1.0,11.58333333,3
2018-04-27 04:17:00,4,9.0,7,1.0,30.53333333,2
2018-04-27 04:47:00,4,9.5,6,1.0,26.55,3
2018-04-27 05:17:00,4,10.0,10,1.0,11.81666667,3
2018-04-27 05:47:00,4,10.5,3,1.0,0.0,0
2018-04-27 06:17:00,4,11.0,3,1.0,0.0,0
2018-04-27 08:47:00,4,13.5,9,0.0,0.0,0
2018-04-27 17:18:00,4,-2.0,4,4.0,0.0,0
2018-04-27 17:48:00,4,-1.5,6,4.0,0.0,0
2018-04-27 18:18:00,4,-1.0,9,4.0,0.0,0
2018-04-27 18:48:00,4,-0.5,24,4.0,0.0,0
2018-04-27 19:18:00,4,0.0,20,4.0,0.0,0
2018-04-27 19:48:00,4,0.5,9,3.9243604,0.0,0
2018-04-27 20:18:00,4,1.0,11,3.465517241,0.0,0
2018-04-27 20:48:00,4,1.5,22,3.043381535,5.866666667,1
2018-04-27 21:18:00,4,2.0,37,3.0,0.0,0
2018-04-27 21:48:00,4,2.5,64,3.0,8.05,5
2018-04-27 22:18:00,4,3.0,38,3.0,2.166666667,1
2018-04-27 22:48:00,4,3.5,39,3.0,12.75,2
2018-04-27 23:18:00,4,4.0,54,3.0,1.533333333,1
2018-04-27 23:48:00,4,4.5,66,3.0,9.316666667,1
2018-04-28 00:18:00,4,5.0,56,3.0,7.65,4
2018-04-28 00:48:00,4,5.5,60,3.0,2.666666667,2
2018-04-28 01:18:00,4,6.0,71,3.0,0.533333333,1
2018-04-28 01:48:00,4,6.5,52,3.0,1.55,1
2018-04-28 02:18:00,4,7.0,51,3.0,2.466666667,3
2018-04-28 02:48:00,4,7.5,47,2.935104364,4.4,2
2018-04-28 03:18:00,4,8.0,30,2.611764706,4.233333333,3
2018-04-28 03:48:00,4,8.5,6,2.258823529,42.43333333,2
2018-04-28 04:18:00,4,9.0,11,2.010626186,27.6,4
2018-04-28 04:48:00,4,9.5,8,2.0,18.65,5
2018-04-28 05:18:00,4,10.0,10,2.0,6.383333333,4
2018-04-28 05:48:00,4,10.5,10,2.0,21.8,2
2018-04-28 07:18:00,4,12.0,3,2.0,0.0,0
2018-04-28 07:48:00,4,12.5,1,0.0,0.0,0
2018-04-28 08:18:00,4,13.0,6,0.0,0.0,0
2018-04-28 17:19:00,4,-2.0,4,4.0,0.0,0
2018-04-28 17:49:00,4,-1.5,8,4.0,0.0,0
2018-04-28 18:19:00,4,-1.0,17,4.0,0.0,0
2018-04-28 18:49:00,4,-0.5,15,3.899524061,7.483333333,1
2018-04-28 19:19:00,4,0.0,21,3.442622951,5.2,2
2018-04-28 19:49:00,4,0.5,14,3.041248017,6.15,3
2018-04-28 20:19:00,4,1.0,21,3.0,4.616666667,3
2018-04-28 20:49:00,4,1.5,25,3.0,12.11666667,2
2018-04-28 21:19:00,4,2.0,35,3.0,0.966666667,2
2018-04-28 21:49:00,4,2.5,55,3.0,0.0,0
2018-04-28 22:19:00,4,3.0,65,3.0,0.0,0
2018-04-28 22:49:00,4,3.5,54,3.0,10.91666667,1
2018-04-28 23:19:00,4,4.0,76,3.0,2.85,1
2018-04-28 23:49:00,4,4.5,97,2.9243604,0.016666667,1
2018-04-29 00:19:00,4,5.0,89,2.465517241,5.166666667,1
2018-04-29 00:49:00,4,5.5,100,2.043381535,5.366666667,3
2018-04-29 01:19:00,4,6.0,78,2.0,11.23333333,2
2018-04-29 01:49:00,4,6.5,78,2.0,2.766666667,1
2018-04-29 02:19:00,4,7.0,65,2.0,0.0,0
2018-04-29 02:49:00,4,7.5,41,1.897849462,16.86666667,3
2018-04-29 03:19:00,4,8.0,29,1.433333333,13.68333333,2
2018-04-29 03:49:00,4,8.5,18,1.035483871,7.566666667,4
2018-04-29 04:19:00,4,9.0,7,1.0,12.45,3
2018-04-29 04:49:00,4,9.5,7,1.0,14.78333333,4
2018-04-29 05:19:00,4,10.0,0,1.0,14.45,4
2018-04-29 05:49:00,4,10.5,3,1.0,13.23333333,4
2018-04-29 06:19:00,4,11.0,3,1.0,0.0,0
2018-04-29 07:19:00,4,12.0,7,1.0,0.0,0
2018-04-29 07:49:00,4,12.5,3,1.0,0.0,0
2018-04-29 08:19:00,4,13.0,3,1.0,0.0,0
2018-04-29 17:19:00,4,-2.0,10,4.0,1.95,1
2018-04-29 17:49:00,4,-1.5,3,4.0,3.7,1
2018-04-29 18:19:00,4,-1.0,14,4.0,0.0,0
2018-04-29 18:49:00,4,-0.5,20,4.0,0.0,0
2018-04-29 19:19:00,4,0.0,28,4.0,0.0,0
2018-04-29 19:49:00,4,0.5,31,3.94044665,0.0,0
2018-04-29 20:19:00,4,1.0,15,3.538461538,11.6,1
2018-04-29 20:49:00,4,1.5,17,3.104218362,4.983333333,1
2018-04-29 21:19:00,4,2.0,33,3.0,0.0,0
2018-04-29 21:49:00,4,2.5,29,3.0,0.0,0
2018-04-29 22:19:00,4,3.0,20,3.0,0.0,0
2018-04-29 22:49:00,4,3.5,53,2.914905451,13.45,1
2018-04-29 23:19:00,4,4.0,49,2.448275862,0.0,0
2018-04-29 23:49:00,4,4.5,53,2.036707453,0.0,0
2018-04-30 00:19:00,4,5.0,68,2.0,0.0,0
2018-04-30 00:49:00,4,5.5,45,2.0,0.0,0
2018-04-30 01:19:00,4,6.0,45,2.0,17.81666667,1
2018-04-30 01:49:00,4,6.5,53,2.0,0.0,0
2018-04-30 02:19:00,4,7.0,42,2.0,7.783333333,1
2018-04-30 02:49:00,4,7.5,32,1.901144641,6.883333333,1
2018-04-30 03:19:00,4,8.0,16,1.451612903,5.116666667,1
2018-04-30 03:49:00,4,8.5,10,1.047346514,30.0,1
2018-04-30 04:19:00,4,9.0,5,1.0,23.58333333,1
2018-04-30 04:49:00,4,9.5,7,1.0,0.0,0
2018-04-30 05:19:00,4,10.0,2,1.0,4.75,1
2018-04-30 05:49:00,4,10.5,1,1.0,0.0,0
2018-04-30 06:49:00,4,11.5,2,1.0,0.0,0
2018-04-30 17:50:00,4,-1.5,7,4.0,0.0,0
2018-04-30 18:20:00,4,-1.0,22,4.0,0.0,0
2018-04-30 18:50:00,4,-0.5,34,3.965211891,0.0,0
2018-04-30 19:20:00,4,0.0,45,3.509803922,0.0,0
2018-04-30 19:50:00,4,0.5,38,3.041745731,0.0,0
2018-04-30 20:20:00,4,1.0,41,3.0,0.0,0
2018-04-30 20:50:00,4,1.5,39,3.0,1.85,1
2018-04-30 21:20:00,4,2.0,29,3.0,3.55,2
2018-04-30 21:50:00,4,2.5,23,3.0,8.416666667,2
2018-04-30 22:20:00,4,3.0,13,3.0,6.066666667,1
2018-04-30 22:50:00,4,3.5,18,3.0,5.75,2
2018-04-30 23:20:00,4,4.0,41,3.0,12.15,1
2018-04-30 23:50:00,4,4.5,52,3.0,3.516666667,1
2018-01-05 00:20:00,5,5.0,45,3.0,15.73333333,1
2018-01-05 00:50:00,5,5.5,36,2.930875576,0.0,0
2018-01-05 01:20:00,5,6.0,43,2.464285714,6.783333333,1
2018-01-05 01:50:00,5,6.5,49,2.038018433,0.0,0
2018-01-05 02:20:00,5,7.0,48,2.0,3.416666667,1
2018-01-05 02:50:00,5,7.5,26,2.0,0.0,0
2018-01-05 03:20:00,5,8.0,12,2.0,8.916666667,1
2018-01-05 03:50:00,5,8.5,6,2.0,21.23333333,4
2018-01-05 04:20:00,5,9.0,2,2.0,69.61666667,4
2018-01-05 04:50:00,5,9.5,7,2.0,50.61666667,6
2018-01-05 05:20:00,5,10.0,8,2.0,16.41666667,4
2018-01-05 05:50:00,5,10.5,4,2.0,0.0,0
2018-01-05 06:50:00,5,11.5,2,2.0,0.0,0
2018-01-05 07:20:00,5,12.0,3,2.0,0.0,0
2018-01-05 07:50:00,5,12.5,4,2.0,0.0,0
2018-01-05 17:21:00,5,-2.0,2,4.0,0.0,0
2018-01-05 17:51:00,5,-1.5,13,4.0,0.0,0
2018-01-05 18:21:00,5,-1.0,17,4.0,0.0,0
2018-01-05 18:51:00,5,-0.5,21,4.0,18.36666667,1
2018-01-05 19:21:00,5,0.0,29,4.0,0.0,0
2018-01-05 19:51:00,5,0.5,10,3.877842411,0.0,0
2018-01-05 20:21:00,5,1.0,29,3.409836066,0.0,0
2018-01-05 20:51:00,5,1.5,15,3.02908514,6.266666667,1
2018-01-05 21:21:00,5,2.0,19,3.0,11.45,1
2018-01-05 21:51:00,5,2.5,15,3.0,4.883333333,1
2018-01-05 22:21:00,5,3.0,12,3.0,12.2,1
2018-01-05 22:51:00,5,3.5,17,3.0,4.783333333,1
2018-01-05 23:21:00,5,4.0,39,3.0,0.466666667,1
2018-01-05 23:51:00,5,4.5,20,3.0,6.3,1
2018-02-05 00:21:00,5,5.0,30,3.0,4.116666667,1
2018-02-05 00:51:00,5,5.5,34,3.0,7.216666667,1
2018-02-05 01:21:00,5,6.0,36,3.0,1.9,2
2018-02-05 01:51:00,5,6.5,35,3.0,14.0,2
2018-02-05 02:21:00,5,7.0,35,3.0,17.03333333,4
2018-02-05 02:51:00,5,7.5,17,3.0,36.9,4
2018-02-05 03:21:00,5,8.0,15,3.0,2.133333333,2
2018-02-05 03:51:00,5,8.5,11,3.0,7.133333333,2
2018-02-05 04:21:00,5,9.0,4,3.0,44.31666667,7
2018-02-05 04:51:00,5,9.5,3,3.0,25.2,4
2018-02-05 05:21:00,5,10.0,2,3.0,9.25,2
2018-02-05 05:51:00,5,10.5,4,3.0,7.05,1
2018-02-05 06:21:00,5,11.0,3,3.0,0.0,0
2018-02-05 06:51:00,5,11.5,2,3.0,0.0,0
2018-02-05 07:21:00,5,12.0,2,3.0,0.0,0
2018-02-05 08:21:00,5,13.0,4,3.0,0.0,0
2018-02-05 17:21:00,5,-2.0,10,4.0,0.0,0
2018-02-05 17:51:00,5,-1.5,5,4.0,0.0,0
2018-02-05 18:21:00,5,-1.0,2,4.0,11.48333333,1
2018-02-05 18:51:00,5,-0.5,18,3.94057725,5.25,1
2018-02-05 19:21:00,5,0.0,22,3.49122807,8.4,2
2018-02-05 19:51:00,5,0.5,31,3.051499717,3.566666667,2
2018-02-05 20:21:00,5,1.0,26,3.0,4.633333333,2
2018-02-05 20:51:00,5,1.5,27,3.0,5.383333333,2
2018-02-05 21:21:00,5,2.0,19,3.0,0.0,0
2018-02-05 21:51:00,5,2.5,43,3.0,4.45,2
2018-02-05 22:21:00,5,3.0,30,3.0,0.0,0
2018-02-05 22:51:00,5,3.5,20,3.0,25.71666667,5
2018-02-05 23:21:00,5,4.0,32,3.0,0.0,0
2018-02-05 23:51:00,5,4.5,47,3.0,9.0,1
2018-03-05 00:21:00,5,5.0,31,3.0,0.0,0
2018-03-05 00:51:00,5,5.5,40,3.0,0.0,0
2018-03-05 01:21:00,5,6.0,40,3.0,0.0,0
2018-03-05 01:51:00,5,6.5,18,2.916347731,5.116666667,1
2018-03-05 02:21:00,5,7.0,20,2.457627119,0.883333333,1
2018-03-05 02:51:00,5,7.5,24,2.042646255,0.0,0
2018-03-05 03:21:00,5,8.0,25,2.0,12.05,3
2018-03-05 03:51:00,5,8.5,10,2.0,42.88333333,3
2018-03-05 04:21:00,5,9.0,2,2.0,106.6333333,6
2018-03-05 04:51:00,5,9.5,0,2.0,120.0,4
2018-03-05 05:21:00,5,10.0,1,2.0,111.5333333,4
2018-03-05 05:51:00,5,10.5,2,2.0,1.05,1
2018-03-05 06:21:00,5,11.0,2,2.0,0.233333333,1
2018-03-05 06:51:00,5,11.5,16,2.0,0.0,0
2018-03-05 17:22:00,5,-2.0,0,4.0,5.316666667,2
2018-03-05 17:52:00,5,-1.5,6,4.0,0.0,0
2018-03-05 18:22:00,5,-1.0,12,4.0,2.766666667,1
2018-03-05 18:52:00,5,-0.5,31,3.896118097,23.21666667,1
2018-03-05 19:22:00,5,0.0,23,3.423728814,11.0,2
2018-03-05 19:52:00,5,0.5,11,3.030071077,6.733333333,4
2018-03-05 20:22:00,5,1.0,19,3.0,1.716666667,2
2018-03-05 20:52:00,5,1.5,11,3.0,10.08333333,3
2018-03-05 21:22:00,5,2.0,27,3.0,1.65,1
2018-03-05 21:52:00,5,2.5,16,3.0,2.7,2
2018-03-05 22:22:00,5,3.0,69,3.0,0.0,0
2018-03-05 22:52:00,5,3.5,21,3.0,0.0,0
2018-03-05 23:22:00,5,4.0,46,3.0,3.883333333,2
2018-03-05 23:52:00,5,4.5,14,3.0,12.61666667,2
2018-04-05 00:22:00,5,5.0,14,3.0,8.633333333,1
2018-04-05 00:52:00,5,5.5,22,3.0,0.0,0
2018-04-05 01:22:00,5,6.0,11,3.0,0.0,0
2018-04-05 01:52:00,5,6.5,27,2.906506288,9.65,1
2018-04-05 02:22:00,5,7.0,30,2.440677966,0.383333333,2
2018-04-05 02:52:00,5,7.5,30,2.036085293,36.7,5
2018-04-05 03:22:00,5,8.0,25,2.0,0.0,0
2018-04-05 03:52:00,5,8.5,17,2.0,15.46666667,2
2018-04-05 04:22:00,5,9.0,6,2.0,8.533333333,3
2018-04-05 04:52:00,5,9.5,5,2.0,10.55,3
2018-04-05 05:22:00,5,10.0,8,2.0,23.3,6
2018-04-05 05:52:00,5,10.5,2,2.0,17.56666667,2
2018-04-05 06:22:00,5,11.0,3,2.0,0.0,0
2018-04-05 06:52:00,5,11.5,2,2.0,0.0,0
2018-04-05 08:22:00,5,13.0,2,0.0,0.0,0
2018-04-05 17:53:00,5,-1.5,14,4.0,0.0,0
2018-04-05 18:23:00,5,-1.0,32,4.0,3.566666667,1
2018-04-05 18:53:00,5,-0.5,19,3.856399584,0.0,0
2018-04-05 19:23:00,5,0.0,16,3.387096774,2.666666667,1
2018-04-05 19:53:00,5,0.5,16,3.023413111,5.466666667,2
2018-04-05 20:23:00,5,1.0,16,3.0,27.83333333,3
2018-04-05 20:53:00,5,1.5,23,3.0,23.61666667,3
2018-04-05 21:23:00,5,2.0,20,3.0,3.983333333,2
2018-04-05 21:53:00,5,2.5,8,3.0,1.716666667,2
2018-04-05 22:23:00,5,3.0,27,3.0,5.716666667,3
2018-04-05 22:53:00,5,3.5,31,3.0,1.6,1
2018-04-05 23:23:00,5,4.0,20,3.0,3.083333333,1
2018-04-05 23:53:00,5,4.5,17,3.0,3.6,2
2018-05-05 00:23:00,5,5.0,24,3.0,6.3,3
2018-05-05 00:53:00,5,5.5,14,3.0,36.91666667,3
2018-05-05 01:23:00,5,6.0,24,3.0,0.0,0
2018-05-05 01:53:00,5,6.5,26,2.871523915,5.55,1
2018-05-05 02:23:00,5,7.0,31,2.379310345,2.083333333,1
2018-05-05 02:53:00,5,7.5,29,2.015572859,0.933333333,3
2018-05-05 03:23:00,5,8.0,17,2.0,8.25,2
2018-05-05 03:53:00,5,8.5,10,2.0,0.0,0
2018-05-05 04:23:00,5,9.0,7,2.0,54.4,3
2018-05-05 04:53:00,5,9.5,8,2.0,0.0,0
2018-05-05 05:23:00,5,10.0,1,2.0,0.0,0
2018-05-05 05:53:00,5,10.5,6,2.0,5.4,2
2018-05-05 06:23:00,5,11.0,3,2.0,0.0,0
2018-05-05 06:53:00,5,11.5,5,2.0,0.0,0
2018-05-05 07:23:00,5,12.0,5,2.0,0.0,0
2018-05-05 07:53:00,5,12.5,1,2.0,0.0,0
2018-05-05 08:23:00,5,13.0,3,0.0,0.0,0
2018-05-05 17:24:00,5,-2.0,10,4.0,0.0,0
2018-05-05 17:54:00,5,-1.5,8,4.0,0.0,0
2018-05-05 18:24:00,5,-1.0,28,4.0,0.0,0
2018-05-05 18:54:00,5,-0.5,26,3.838709677,0.0,0
2018-05-05 19:24:00,5,0.0,23,3.35,11.8,1
2018-05-05 19:54:00,5,0.5,16,3.011290323,0.0,0
2018-05-05 20:24:00,5,1.0,18,3.0,0.0,0
2018-05-05 20:54:00,5,1.5,18,3.0,0.0,0
2018-05-05 21:24:00,5,2.0,17,3.0,0.0,0
2018-05-05 21:54:00,5,2.5,20,3.0,28.76666667,2
2018-05-05 22:24:00,5,3.0,22,3.0,2.766666667,2
2018-05-05 22:54:00,5,3.5,23,3.0,4.133333333,2
2018-05-05 23:24:00,5,4.0,21,3.0,1.05,1
2018-05-05 23:54:00,5,4.5,35,3.0,0.0,0
2018-06-05 00:24:00,5,5.0,49,3.0,0.0,0
2018-06-05 00:54:00,5,5.5,45,3.0,0.0,0
2018-06-05 01:24:00,5,6.0,42,3.0,0.0,0
2018-06-05 01:54:00,5,6.5,26,3.0,13.61666667,1
2018-06-05 02:24:00,5,7.0,16,3.0,0.0,0
2018-06-05 02:54:00,5,7.5,15,3.0,7.05,2
2018-06-05 03:24:00,5,8.0,27,3.0,15.61666667,1
2018-06-05 03:54:00,5,8.5,21,2.838709677,0.716666667,2
2018-06-05 04:24:00,5,9.0,8,2.35,3.416666667,1
2018-06-05 04:54:00,5,9.5,19,2.011290323,17.68333333,6
2018-06-05 05:24:00,5,10.0,13,2.0,1.866666667,1
2018-06-05 05:54:00,5,10.5,3,2.0,0.0,0
2018-06-05 06:54:00,5,11.5,7,2.0,0.0,0
2018-06-05 07:54:00,5,12.5,3,0.0,0.0,0
2018-06-05 17:24:00,5,-2.0,10,4.0,0.0,0
2018-06-05 17:54:00,5,-1.5,6,4.0,0.0,0
2018-06-05 18:24:00,5,-1.0,3,4.0,0.0,0
2018-06-05 18:54:00,5,-0.5,15,4.0,0.0,0
2018-06-05 19:24:00,5,0.0,5,4.0,0.0,0
2018-06-05 19:54:00,5,0.5,27,4.0,0.0,0
2018-06-05 20:24:00,5,1.0,17,4.0,0.0,0
2018-06-05 20:54:00,5,1.5,31,3.860887097,0.0,0
2018-06-05 21:24:00,5,2.0,8,3.40625,0.0,0
2018-06-05 21:54:00,5,2.5,17,3.033266129,0.0,0
2018-06-05 22:24:00,5,3.0,15,3.0,0.0,0
2018-06-05 22:54:00,5,3.5,10,3.0,0.0,0
2018-06-05 23:24:00,5,4.0,20,3.0,9.35,1
2018-06-05 23:54:00,5,4.5,13,3.0,1.95,1
2018-07-05 00:24:00,5,5.0,13,3.0,1.483333333,2
2018-07-05 00:54:00,5,5.5,20,3.0,2.833333333,3
2018-07-05 01:24:00,5,6.0,24,3.0,0.0,0
2018-07-05 01:54:00,5,6.5,28,3.0,0.0,0
2018-07-05 02:24:00,5,7.0,14,3.0,24.4,4
2018-07-05 02:54:00,5,7.5,27,3.0,4.066666667,1
2018-07-05 03:24:00,5,8.0,11,3.0,27.0,4
2018-07-05 03:54:00,5,8.5,13,2.88856305,2.083333333,5
2018-07-05 04:24:00,5,9.0,14,2.381818182,25.78333333,3
2018-07-05 04:54:00,5,9.5,6,2.012316716,0.0,0
2018-07-05 05:24:00,5,10.0,13,2.0,22.43333333,3
2018-07-05 05:54:00,5,10.5,5,2.0,0.0,0
2018-07-05 06:24:00,5,11.0,8,2.0,0.0,0
2018-07-05 06:54:00,5,11.5,5,2.0,0.0,0
2018-07-05 07:24:00,5,12.0,3,2.0,0.0,0
2018-07-05 07:54:00,5,12.5,1,2.0,0.0,0
2018-07-05 17:25:00,5,-2.0,14,4.0,0.0,0
2018-07-05 17:55:00,5,-1.5,20,4.0,0.0,0
2018-07-05 18:25:00,5,-1.0,22,4.0,3.9,1
2018-07-05 18:55:00,5,-0.5,23,3.856819468,1.283333333,1
2018-07-05 19:25:00,5,0.0,32,3.350877193,0.0,0
2018-07-05 19:55:00,5,0.5,46,3.008488964,0.0,0
2018-07-05 20:25:00,5,1.0,17,3.0,0.0,0
2018-07-05 20:55:00,5,1.5,17,3.0,3.55,3
2018-07-05 21:25:00,5,2.0,28,3.0,0.0,0
2018-07-05 21:55:00,5,2.5,22,3.0,0.333333333,1
2018-07-05 22:25:00,5,3.0,19,3.0,0.0,0
2018-07-05 22:55:00,5,3.5,35,3.0,0.0,0
2018-07-05 23:25:00,5,4.0,22,3.0,7.133333333,1
2018-07-05 23:55:00,5,4.5,18,2.835975943,0.0,0
2018-08-05 00:25:00,5,5.0,27,2.338983051,3.466666667,1
2018-08-05 00:55:00,5,5.5,38,2.008201203,1.383333333,1
2018-08-05 01:25:00,5,6.0,46,2.0,0.0,0
2018-08-05 01:55:00,5,6.5,48,2.0,0.0,0
2018-08-05 02:25:00,5,7.0,59,2.0,2.766666667,1
2018-08-05 02:55:00,5,7.5,28,2.0,0.85,1
2018-08-05 03:25:00,5,8.0,24,2.0,3.05,1
2018-08-05 03:55:00,5,8.5,31,2.0,5.066666667,2
2018-08-05 04:25:00,5,9.0,18,1.615384615,0.0,0
2018-08-05 04:55:00,5,9.5,13,1.037220844,1.616666667,1
2018-08-05 05:25:00,5,10.0,10,1.0,2.183333333,1
2018-08-05 05:55:00,5,10.5,2,1.0,0.0,0
2018-08-05 06:25:00,5,11.0,3,0.0,0.0,0
2018-08-05 08:25:00,5,13.0,3,0.0,0.0,0
2018-08-05 23:56:00,5,4.5,44,0.0,0.0,0
2018-09-05 00:26:00,5,5.0,59,0.0,0.0,0
2018-09-05 00:56:00,5,5.5,82,0.0,0.0,0
2018-09-05 01:26:00,5,6.0,27,0.0,4.35,1
2018-09-05 01:56:00,5,6.5,32,0.0,0.0,0
2018-09-05 02:26:00,5,7.0,52,0.0,6.666666667,1
2018-09-05 02:56:00,5,7.5,34,0.0,4.066666667,1
2018-09-05 03:26:00,5,8.0,29,0.0,4.933333333,1
2018-09-05 03:56:00,5,8.5,21,0.0,1.166666667,2
2018-09-05 04:26:00,5,9.0,15,0.0,24.26666667,2
2018-09-05 04:56:00,5,9.5,15,0.0,6.633333333,2
2018-09-05 05:26:00,5,10.0,6,0.0,0.0,0
2018-09-05 05:56:00,5,10.5,1,0.0,0.0,0
2018-09-05 06:26:00,5,11.0,2,0.0,0.0,0
2018-09-05 06:56:00,5,11.5,8,0.0,0.0,0
2018-09-05 07:26:00,5,12.0,2,0.0,0.0,0
2018-09-05 08:26:00,5,13.0,1,0.0,0.0,0
2018-09-05 08:56:00,5,13.5,1,0.0,0.0,0
2018-09-05 17:26:00,5,-2.0,8,4.0,0.0,0
2018-09-05 17:56:00,5,-1.5,22,4.0,0.0,0
2018-09-05 18:26:00,5,-1.0,44,4.0,0.0,0
2018-09-05 18:56:00,5,-0.5,45,3.811290323,0.0,0
2018-09-05 19:26:00,5,0.0,31,3.316666667,0.0,0
2018-09-05 19:56:00,5,0.5,12,3.005376344,0.0,0
2018-09-05 20:26:00,5,1.0,35,3.0,0.0,0
2018-09-05 20:56:00,5,1.5,49,3.0,0.0,0
2018-09-05 21:26:00,5,2.0,64,3.0,0.0,0
2018-09-05 21:56:00,5,2.5,31,3.0,0.0,0
2018-09-05 22:26:00,5,3.0,13,3.0,0.0,0
2018-09-05 22:56:00,5,3.5,14,3.0,0.0,0
2018-09-05 23:26:00,5,4.0,42,3.0,0.0,0
2018-09-05 23:56:00,5,4.5,18,3.0,0.0,0
2018-10-05 00:26:00,5,5.0,37,3.0,0.0,0
2018-10-05 00:56:00,5,5.5,40,3.0,1.433333333,1
2018-10-05 01:26:00,5,6.0,34,3.0,7.433333333,1
2018-10-05 01:56:00,5,6.5,33,3.0,0.0,0
2018-10-05 02:26:00,5,7.0,30,3.0,1.383333333,1
2018-10-05 02:56:00,5,7.5,12,3.0,4.116666667,1
2018-10-05 03:26:00,5,8.0,10,3.0,5.65,1
2018-10-05 03:56:00,5,8.5,24,2.823084677,0.0,0
2018-10-05 04:26:00,5,9.0,14,2.359375,5.55,2
2018-10-05 04:56:00,5,9.5,25,2.018145161,1.55,1
2018-10-05 05:26:00,5,10.0,19,2.0,2.516666667,2
2018-10-05 05:56:00,5,10.5,8,2.0,1.883333333,1
2018-10-05 06:26:00,5,11.0,9,2.0,0.0,0
2018-10-05 06:56:00,5,11.5,7,2.0,0.0,0
2018-10-05 07:26:00,5,12.0,3,2.0,0.0,0
2018-10-05 07:56:00,5,12.5,1,2.0,0.0,0
2018-10-05 08:26:00,5,13.0,3,2.0,0.0,0
2018-10-05 17:27:00,5,-2.0,5,4.0,0.0,0
2018-10-05 17:57:00,5,-1.5,11,4.0,0.0,0
2018-10-05 18:27:00,5,-1.0,6,4.0,0.0,0
2018-10-05 18:57:00,5,-0.5,6,3.828133263,0.0,0
2018-10-05 19:27:00,5,0.0,1,3.344262295,0.0,0
2018-10-05 19:57:00,5,0.5,4,3.011105235,23.43333333,2
2018-10-05 20:27:00,5,1.0,18,3.0,4.333333333,2
2018-10-05 20:57:00,5,1.5,38,3.0,1.733333333,1
2018-10-05 21:27:00,5,2.0,24,3.0,0.0,0
2018-10-05 21:57:00,5,2.5,36,3.0,4.383333333,1
2018-10-05 22:27:00,5,3.0,34,3.0,0.0,0
2018-10-05 22:57:00,5,3.5,21,3.0,0.0,0
2018-10-05 23:27:00,5,4.0,26,3.0,1.1,1
2018-10-05 23:57:00,5,4.5,32,3.0,5.783333333,1
2018-11-05 00:27:00,5,5.0,17,3.0,0.0,0
2018-11-05 00:57:00,5,5.5,28,3.0,0.0,0
2018-11-05 01:27:00,5,6.0,29,3.0,8.283333333,2
2018-11-05 01:57:00,5,6.5,29,2.819243604,4.716666667,2
2018-11-05 02:27:00,5,7.0,12,2.310344828,25.1,2
2018-11-05 02:57:00,5,7.5,23,2.003337041,0.0,0
2018-11-05 03:27:00,5,8.0,11,2.0,0.0,0
2018-11-05 03:57:00,5,8.5,13,2.0,7.133333333,2
2018-11-05 04:27:00,5,9.0,15,2.0,6.983333333,2
2018-11-05 04:57:00,5,9.5,5,2.0,3.45,1
2018-11-05 05:27:00,5,10.0,3,2.0,6.55,2
2018-11-05 05:57:00,5,10.5,3,2.0,3.266666667,1
2018-11-05 06:27:00,5,11.0,3,2.0,0.0,0
2018-11-05 06:57:00,5,11.5,3,2.0,0.0,0
2018-11-05 07:27:00,5,12.0,5,2.0,0.0,0
2018-11-05 07:57:00,5,12.5,11,2.0,0.0,0
2018-11-05 08:27:00,5,13.0,3,0.0,0.0,0
2018-05-13 20:29:00,5,1.0,1,4.0,0.0,0
2018-05-13 20:59:00,5,1.5,10,3.885116016,0.0,0
2018-05-13 21:29:00,5,2.0,8,3.622807018,0.0,0
2018-05-13 21:59:00,5,2.5,21,3.359649123,7.9,2
2018-05-13 22:29:00,5,3.0,16,3.099320883,5.1,3
2018-05-13 22:59:00,5,3.5,30,3.0,0.0,0
2018-05-13 23:29:00,5,4.0,21,3.0,0.6,1
2018-05-13 23:59:00,5,4.5,2,3.0,32.46666667,3
2018-05-14 00:29:00,5,5.0,42,3.0,4.633333333,2
2018-05-14 00:59:00,5,5.5,26,3.0,17.26666667,2
2018-05-14 01:29:00,5,6.0,37,3.0,1.55,1
2018-05-14 01:59:00,5,6.5,32,3.0,0.0,0
2018-05-14 02:29:00,5,7.0,34,3.0,0.0,0
2018-05-14 02:59:00,5,7.5,23,3.0,0.0,0
2018-05-14 03:29:00,5,8.0,24,3.0,11.1,1
2018-05-14 03:59:00,5,8.5,14,3.0,1.2,2
2018-05-14 04:29:00,5,9.0,11,3.0,2.133333333,1
2018-05-14 04:59:00,5,9.5,4,3.0,13.78333333,3
2018-05-14 05:29:00,5,10.0,6,3.0,3.883333333,2
2018-05-14 05:59:00,5,10.5,10,3.0,0.0,0
2018-05-14 06:29:00,5,11.0,7,3.0,0.0,0
2018-05-14 07:59:00,5,12.5,1,3.0,0.0,0
2018-05-16 17:31:00,5,-2.0,1,4.0,0.0,0
2018-05-16 18:01:00,5,-1.5,1,4.0,0.0,0
2018-05-16 19:01:00,5,-0.5,11,3.737704918,0.0,0
2018-05-16 20:01:00,5,0.5,3,3.0,2.9,1
2018-05-16 20:31:00,5,1.0,33,3.0,0.0,0
2018-05-16 21:01:00,5,1.5,12,3.0,3.0,1
2018-05-16 21:31:00,5,2.0,17,3.0,4.5,4
2018-05-16 22:01:00,5,2.5,39,3.0,2.85,4
2018-05-16 22:31:00,5,3.0,19,2.999471179,5.6,3
2018-05-16 23:01:00,5,3.5,37,2.737704918,0.0,0
2018-05-16 23:31:00,5,4.0,40,2.245901639,0.0,0
2018-05-17 00:01:00,5,4.5,31,2.0,0.0,0
2018-05-17 00:31:00,5,5.0,22,2.0,0.0,0
2018-05-17 01:01:00,5,5.5,21,2.0,0.0,0
2018-05-17 01:31:00,5,6.0,35,2.0,0.2,1
2018-05-17 02:01:00,5,6.5,28,2.0,0.0,0
2018-05-17 02:31:00,5,7.0,20,2.0,3.466666667,1
2018-05-17 03:01:00,5,7.5,42,1.809384164,2.1,1
2018-05-17 03:31:00,5,8.0,30,1.272727273,3.083333333,2
2018-05-17 04:01:00,5,8.5,14,1.0,2.716666667,1
2018-05-17 04:31:00,5,9.0,24,1.0,3.666666667,1
2018-05-17 05:01:00,5,9.5,16,1.0,3.383333333,1
2018-05-17 05:31:00,5,10.0,15,1.0,0.0,0
2018-05-17 06:01:00,5,10.5,4,0.0,0.0,0
2018-05-17 06:31:00,5,11.0,1,0.0,0.0,0
2018-05-17 08:31:00,5,13.0,1,0.0,0.0,0
2018-05-17 17:32:00,5,-2.0,10,4.0,0.0,0
2018-05-17 18:02:00,5,-1.5,6,4.0,0.0,0
2018-05-17 18:32:00,5,-1.0,11,3.998413538,0.0,0
2018-05-17 19:02:00,5,-0.5,15,3.721311475,9.2,2
2018-05-17 19:32:00,5,0.0,15,3.230037017,0.0,0
2018-05-17 20:02:00,5,0.5,25,3.0,0.0,0
2018-05-17 20:32:00,5,1.0,31,3.0,0.5,2
2018-05-17 21:02:00,5,1.5,34,3.0,0.0,0
2018-05-17 21:32:00,5,2.0,40,3.0,0.0,0
2018-05-17 22:02:00,5,2.5,50,2.758064516,0.0,0
2018-05-17 22:32:00,5,3.0,30,2.241935484,6.433333333,1
2018-05-17 23:02:00,5,3.5,40,2.0,0.0,0
2018-05-17 23:32:00,5,4.0,28,2.0,8.983333333,1
2018-05-18 00:02:00,5,4.5,45,2.0,0.0,0
2018-05-18 00:32:00,5,5.0,22,2.0,0.0,0
2018-05-18 01:02:00,5,5.5,37,2.0,0.0,0
2018-05-18 01:32:00,5,6.0,22,1.999487967,2.366666667,1
2018-05-18 02:02:00,5,6.5,52,1.746031746,0.0,0
2018-05-18 02:32:00,5,7.0,30,1.26984127,0.0,0
2018-05-18 03:02:00,5,7.5,37,1.001536098,0.3,1
2018-05-18 03:32:00,5,8.0,14,1.0,1.883333333,1
2018-05-18 04:02:00,5,8.5,29,1.0,0.0,0
2018-05-18 04:32:00,5,9.0,13,1.0,0.366666667,1
2018-05-18 05:02:00,5,9.5,11,0.782608696,1.033333333,1
2018-05-18 05:32:00,5,10.0,4,0.347826087,0.0,0
2018-05-18 07:02:00,5,11.5,3,0.0,0.0,0
2018-05-18 08:02:00,5,12.5,1,0.0,0.0,0
2018-05-18 18:03:00,5,-1.5,7,4.0,4.933333333,1
2018-05-18 18:33:00,5,-1.0,1,3.996827076,0.0,0
2018-05-18 19:03:00,5,-0.5,40,3.704918033,0.0,0
2018-05-18 19:33:00,5,0.0,24,3.214701216,0.0,0
2018-05-18 20:03:00,5,0.5,2,3.0,0.0,0
2018-05-18 20:33:00,5,1.0,12,3.0,1.633333333,1
2018-05-18 21:03:00,5,1.5,17,3.0,0.0,0
2018-05-18 21:33:00,5,2.0,25,3.0,1.166666667,1
2018-05-18 22:03:00,5,2.5,19,3.0,0.433333333,1
2018-05-18 22:33:00,5,3.0,35,3.0,0.0,0
2018-05-18 23:03:00,5,3.5,15,3.0,0.0,0
2018-05-18 23:33:00,5,4.0,57,3.0,0.0,0
2018-05-19 00:03:00,5,4.5,43,2.749423963,0.0,0
2018-05-19 00:33:00,5,5.0,38,2.217741935,3.6,1
2018-05-19 01:03:00,5,5.5,42,2.0,0.0,0
2018-05-19 01:33:00,5,6.0,33,2.0,0.0,0
2018-05-19 02:03:00,5,6.5,39,2.0,0.0,0
2018-05-19 02:33:00,5,7.0,35,2.0,0.0,0
2018-05-19 03:03:00,5,7.5,4,2.0,3.35,1
2018-05-19 03:33:00,5,8.0,8,1.999443826,4.333333333,1
2018-05-19 04:03:00,5,8.5,21,1.724137931,0.0,0
2018-05-19 04:33:00,5,9.0,16,1.210233593,0.0,0
2018-05-19 05:03:00,5,9.5,14,1.0,4.0,1
2018-05-19 05:33:00,5,10.0,7,1.0,0.0,0
2018-05-19 06:03:00,5,10.5,2,1.0,0.0,0
2018-05-19 17:33:00,5,-2.0,3,4.0,0.0,0
2018-05-19 18:03:00,5,-1.5,2,4.0,0.0,0
2018-05-19 18:33:00,5,-1.0,6,4.0,0.0,0
2018-05-19 19:03:00,5,-0.5,6,4.0,0.0,0
2018-05-19 19:33:00,5,0.0,10,3.996774194,8.666666667,1
2018-05-19 20:03:00,5,0.5,28,3.7,0.0,0
2018-05-19 20:33:00,5,1.0,39,3.203225806,0.0,0
2018-05-19 21:03:00,5,1.5,25,3.0,2.366666667,1
2018-05-19 21:33:00,5,2.0,32,3.0,0.0,0
2018-05-19 22:03:00,5,2.5,29,3.0,2.283333333,1
2018-05-19 22:33:00,5,3.0,31,3.0,0.0,0
2018-05-19 23:03:00,5,3.5,37,3.0,0.0,0
2018-05-19 23:33:00,5,4.0,26,3.0,0.0,0
2018-05-20 00:03:00,5,4.5,49,2.754098361,0.0,0
2018-05-20 00:33:00,5,5.0,15,2.262295082,2.716666667,1
2018-05-20 01:03:00,5,5.5,12,2.000528821,3.816666667,1
2018-05-20 01:33:00,5,6.0,30,2.0,0.0,0
2018-05-20 02:03:00,5,6.5,26,2.0,0.0,0
2018-05-20 02:33:00,5,7.0,17,2.0,2.566666667,1
2018-05-20 03:03:00,5,7.5,27,2.0,0.0,0
2018-05-20 03:33:00,5,8.0,16,2.0,0.216666667,1
2018-05-20 04:03:00,5,8.5,17,2.0,5.533333333,1
2018-05-20 04:33:00,5,9.0,9,2.0,0.0,0
2018-05-20 05:03:00,5,9.5,7,2.0,0.0,0
2018-05-20 05:33:00,5,10.0,13,1.99755002,0.0,0
2018-05-20 06:03:00,5,10.5,6,1.772151899,0.0,0
2018-05-20 07:03:00,5,11.5,1,1.055532871,0.0,0
2018-05-20 17:34:00,5,-2.0,2,4.0,0.0,0
2018-05-20 18:04:00,5,-1.5,18,4.0,0.0,0
2018-05-20 18:34:00,5,-1.0,1,3.838709677,0.0,0
2018-05-20 19:04:00,5,-0.5,6,3.0,0.0,0
2018-05-20 19:34:00,5,0.0,13,3.0,0.0,0
2018-05-20 20:04:00,5,0.5,9,3.0,0.0,0
2018-05-20 20:34:00,5,1.0,22,3.0,0.0,0
2018-05-20 21:04:00,5,1.5,27,3.0,0.0,0
2018-05-20 21:34:00,5,2.0,10,3.0,21.73333333,1
2018-05-20 22:04:00,5,2.5,33,3.0,7.15,1
2018-05-20 22:34:00,5,3.0,21,2.996878252,0.0,0
2018-05-20 23:04:00,5,3.5,38,2.709677419,0.0,0
2018-05-20 23:34:00,5,4.0,29,2.226326743,0.0,0
2018-05-21 00:04:00,5,4.5,28,2.0,0.0,0
2018-05-21 00:34:00,5,5.0,17,2.0,8.966666667,1
2018-05-21 01:04:00,5,5.5,53,2.0,0.0,0
2018-05-21 01:34:00,5,6.0,32,2.0,0.0,0
2018-05-21 02:04:00,5,6.5,34,2.0,0.0,0
2018-05-21 02:34:00,5,7.0,21,2.0,7.766666667,1
2018-05-21 03:04:00,5,7.5,37,1.745762712,0.0,0
2018-05-21 03:34:00,5,8.0,27,1.237834882,0.0,0
2018-05-21 04:04:00,5,8.5,21,1.0,0.0,0
2018-05-21 04:34:00,5,9.0,9,1.0,0.0,0
2018-05-21 05:04:00,5,9.5,13,1.0,0.0,0
2018-05-21 05:34:00,5,10.0,13,1.0,0.0,0
2018-05-21 06:04:00,5,10.5,8,1.0,0.0,0
2018-05-21 06:34:00,5,11.0,6,1.0,0.0,0
2018-05-21 07:04:00,5,11.5,1,1.0,0.0,0
2018-05-21 07:34:00,5,12.0,1,1.0,0.0,0
2018-05-21 17:35:00,5,-2.0,1,4.0,0.0,0
2018-05-21 18:05:00,5,-1.5,1,4.0,0.0,0
2018-05-21 18:35:00,5,-1.0,5,3.999423963,0.0,0
2018-05-21 19:05:00,5,-0.5,3,3.714285714,0.0,0
2018-05-21 19:35:00,5,0.0,18,3.187211982,0.0,0
2018-05-21 20:05:00,5,0.5,4,3.0,0.0,0
2018-05-21 20:35:00,5,1.0,13,2.998302207,0.45,1
2018-05-21 21:05:00,5,1.5,20,2.701754386,0.0,0
2018-05-21 21:35:00,5,2.0,15,2.183927561,2.266666667,1
2018-05-21 22:05:00,5,2.5,37,2.0,0.0,0
2018-05-21 22:35:00,5,3.0,11,2.0,0.0,0
2018-05-21 23:05:00,5,3.5,41,2.0,3.616666667,2
2018-05-21 23:35:00,5,4.0,42,2.0,0.0,0
2018-05-22 00:05:00,5,4.5,20,2.0,4.7,1
2018-05-22 00:35:00,5,5.0,46,2.0,0.0,0
2018-05-22 01:05:00,5,5.5,31,2.0,0.0,0
2018-05-22 01:35:00,5,6.0,19,1.99219563,1.25,1
2018-05-22 02:05:00,5,6.5,27,1.677419355,1.266666667,1
2018-05-22 02:35:00,5,7.0,24,1.196670135,0.0,0
2018-05-22 03:05:00,5,7.5,41,1.0,0.0,0
2018-05-22 03:35:00,5,8.0,28,1.0,0.0,0
2018-05-22 04:05:00,5,8.5,22,1.0,0.0,0
2018-05-22 04:35:00,5,9.0,11,1.0,0.0,0
2018-05-22 05:05:00,5,9.5,9,1.0,0.0,0
2018-05-22 05:35:00,5,10.0,7,1.0,0.0,0
2018-05-22 06:05:00,5,10.5,4,0.0,0.0,0
2018-05-22 17:35:00,5,-2.0,13,4.0,0.0,0
2018-05-22 18:05:00,5,-1.5,9,4.0,0.0,0
2018-05-22 18:35:00,5,-1.0,2,3.992319508,0.0,0
2018-05-22 19:35:00,5,0.0,1,3.207885305,0.0,0
2018-05-22 20:05:00,5,0.5,4,3.0,0.0,0
2018-05-22 20:35:00,5,1.0,13,3.0,0.0,0
2018-05-22 21:05:00,5,1.5,38,3.0,0.0,0
2018-05-22 21:35:00,5,2.0,14,3.0,0.0,0
2018-05-22 22:05:00,5,2.5,34,3.0,0.0,0
2018-05-22 22:35:00,5,3.0,25,3.0,0.0,0
2018-05-22 23:05:00,5,3.5,43,3.0,0.0,0
2018-05-22 23:35:00,5,4.0,33,3.0,0.0,0
2018-05-23 00:05:00,5,4.5,23,3.0,0.0,0
2018-05-23 00:35:00,5,5.0,29,3.0,0.0,0
2018-05-23 01:05:00,5,5.5,43,3.0,0.0,0
2018-05-23 01:35:00,5,6.0,48,3.0,0.0,0
2018-05-23 02:05:00,5,6.5,12,3.0,0.0,0
2018-05-23 02:35:00,5,7.0,33,3.0,0.0,0
2018-05-23 03:05:00,5,7.5,48,3.0,0.0,0
2018-05-23 03:35:00,5,8.0,33,3.0,0.0,0
2018-05-23 04:05:00,5,8.5,23,3.0,0.0,0
2018-05-23 04:35:00,5,9.0,4,3.0,0.0,0
2018-05-23 05:05:00,5,9.5,6,3.0,0.0,0
2018-05-23 05:35:00,5,10.0,4,3.0,0.0,0
2018-05-23 06:05:00,5,10.5,7,3.0,0.0,0
2018-05-23 06:35:00,5,11.0,2,3.0,0.0,0
2018-05-31 17:41:00,5,-2.0,6,4.0,0.0,0
2018-05-31 18:41:00,5,-1.0,5,3.964516129,0.0,0
2018-05-31 19:11:00,5,-0.5,12,3.566666667,0.0,0
2018-05-31 19:41:00,5,0.0,28,3.102150538,0.0,0
2018-05-31 20:11:00,5,0.5,36,3.0,0.0,0
2018-05-31 20:41:00,5,1.0,15,3.0,0.0,0
2018-05-31 21:11:00,5,1.5,39,3.0,0.0,0
2018-05-31 21:41:00,5,2.0,37,3.0,0.0,0
2018-05-31 22:11:00,5,2.5,41,3.0,0.0,0
2018-05-31 22:41:00,5,3.0,27,3.0,0.0,0
2018-05-31 23:11:00,5,3.5,39,3.0,2.283333333,1
2018-05-31 23:41:00,5,4.0,52,2.969928923,0.0,0
2018-01-06 00:11:00,6,4.5,54,2.576271186,0.0,0
2018-01-06 00:41:00,6,5.0,59,2.103881903,0.0,0
2018-01-06 01:11:00,6,5.5,79,2.0,0.0,0
2018-01-06 01:41:00,6,6.0,71,1.96566077,0.0,0
2018-01-06 02:11:00,6,6.5,68,1.580645161,0.0,0
2018-01-06 02:41:00,6,7.0,56,1.120187305,0.0,0
2018-01-06 03:11:00,6,7.5,59,1.0,0.0,0
2018-01-06 03:41:00,6,8.0,20,1.0,0.0,0
2018-01-06 04:11:00,6,8.5,7,1.0,0.0,0
2018-01-06 04:41:00,6,9.0,6,1.0,0.0,0
2018-01-06 05:11:00,6,9.5,7,1.0,0.0,0
2018-01-06 05:41:00,6,10.0,2,1.0,0.0,0
